"values","array"
0.12,"C:"
0.12,"C:"
0.51,"C:"
4.12,"C:"
26.12,"C:"
28.12,"C:"
32.12,"C:"
37.12,"C:"
44.12,"C:"
52.12,"C:"
54.12,"C:"
61.12,"C:"
64.12,"C:"
74.12,"C:"
76.12,"C:"
104.12,"C:"
112.12,"C:"
113.12,"C:"
114.12,"C:"
133.12,"C:"
135.12,"C:"
146.11,"C:"
506.11,"C:"
512.12,"C:"
531.12,"C:"
561.11,"C:"
564.11,"C:"
567.11,"C:"
575.11,"C:"
578.12,"C:"
592.12,"C:"
596.12,"C:"
598.12,"C:"
607.11,"C:"
607.21,"C:"
611.12,"C:"
637.12,"C:"
638.12,"C:"
657.31,"C:"
670.12,"C:"
671.12,"C:"
673.12,"C:"
676.12,"C:"
678.12,"C:"
736.12,"C:"
757.5,"C:"
773.12,"C:"
799.12,"C:"
803.12,"C:"
805.12,"C:"
808.12,"C:"
813.12,"C:"
815.12,"C:"
837.12,"C:"
839.12,"C:"
843.12,"C:"
853.12,"C:"
855.12,"C:"
860.12,"C:"
876.12,"C:"
878.12,"C:"
884.12,"C:"
886.12,"C:"
887.12,"C:"
915.12,"C:"
917.12,"C:"
987.12,"C:"
995.12,"C:"
996.12,"C:"
997.12,"C:"
999.12,"C:"
1001.12,"C:"
1002.12,"C:"
1004.12,"C:"
1006.12,"C:"
1008.12,"C:"
1078.12,"C:"
1117.12,"C:"
1148.12,"C:"
1152.12,"C:"
1174.12,"C:"
1205.1,"C:"
1209.1,"C:"
1213.12,"C:"
1228.1,"C:"
1262.1,"C:"
1272.1,"C:"
1276.1,"C:"
1282.12,"C:"
1313.1,"C:"
1322.1,"C:"
1324.1,"C:"
1327.1,"C:"
1331.12,"C:"
1357.1,"C:"
1362.1,"C:"
1362.2,"C:"
1367.12,"C:"
1394.12,"C:"
1412.3,"C:"
1512.51,"C:"
1646.12,"C:"
1649.12,"C:"
1651.12,"C:"
1668.12,"C:"
1706.12,"C:"
1842.12,"C:"
1926.11,"C:"
1944.12,"C:"
1946.12,"C:"
1950.12,"C:"
1951.12,"C:"
1971.11,"C:"
1975.11,"C:"
2025.11,"C:"
2046.11,"C:"
2062.11,"C:"
2064.11,"C:"
2074.12,"C:"
2090.12,"C:"
2096.11,"C:"
2102.11,"C:"
2105.11,"C:"
2115.12,"C:"
2130.12,"C:"
2141.11,"C:"
2141.21,"C:"
2145.12,"C:"
2169.12,"C:"
2171.12,"C:"
2172.12,"C:"
2190.12,"C:"
2191.31,"C:"
2246.12,"C:"
2265.12,"C:"
2266.12,"C:"
2291.5,"C:"
2327.12,"C:"
2331.12,"C:"
2333.12,"C:"
2344.12,"C:"
2348.12,"C:"
2349.12,"C:"
2350.12,"C:"
2351.12,"C:"
2366.12,"C:"
2368.12,"C:"
2372.12,"C:"
2385.12,"C:"
2387.12,"C:"
2435.12,"C:"
2464.12,"C:"
2478.12,"C:"
2490.1,"C:"
2615.1,"C:"
2621.1,"C:"
2624.1,"C:"
2632.1,"C:"
2637.12,"C:"
2654.1,"C:"
2659.1,"C:"
2662.1,"C:"
2671.1,"C:"
2678.1,"C:"
2684.1,"C:"
2686.1,"C:"
2689.1,"C:"
2699.1,"C:"
2705.1,"C:"
2713.12,"C:"
2763.1,"C:"
2772.1,"C:"
2776.1,"C:"
2784.12,"C:"
2791.1,"C:"
2793.1,"C:"
2804.1,"C:"
2811.1,"C:"
2813.1,"C:"
2820.1,"C:"
2830.1,"C:"
2838.12,"C:"
2866.1,"C:"
2875.1,"C:"
2884.1,"C:"
2887.1,"C:"
2900.1,"C:"
2900.2,"C:"
2906.12,"C:"
2950.3,"C:"
2955.12,"C:"
2966.12,"C:"
2968.12,"C:"
2969.12,"C:"
2974.12,"C:"
2989.12,"C:"
3033.12,"C:"
3050.51,"C:"
3089.12,"C:"
3113.12,"C:"
3188.12,"C:"
3190.12,"C:"
3192.12,"C:"
3196.12,"C:"
3198.12,"C:"
3209.12,"C:"
3246.12,"C:"
3247.12,"C:"
3268.12,"C:"
3269.12,"C:"
3271.12,"C:"
3274.12,"C:"
3276.12,"C:"
3278.12,"C:"
3280.12,"C:"
3288.12,"C:"
3335.11,"C:"
3346.11,"C:"
3361.12,"C:"
3374.11,"C:"
3380.11,"C:"
3404.11,"C:"
3416.12,"C:"
3417.12,"C:"
3418.12,"C:"
3419.12,"C:"
3419.12,"C:"
3452.11,"C:"
3458.11,"C:"
3540.11,"C:"
3544.11,"C:"
3545.11,"C:"
3552.11,"C:"
3557.12,"C:"
3580.11,"C:"
3584.11,"C:"
3598.11,"C:"
3614.12,"C:"
3619.12,"C:"
3642.11,"C:"
3647.11,"C:"
3650.11,"C:"
3672.11,"C:"
3672.21,"C:"
3676.12,"C:"
3722.31,"C:"
3738.12,"C:"
3740.12,"C:"
3743.12,"C:"
3760.12,"C:"
3764.12,"C:"
3782.12,"C:"
3812.12,"C:"
3822.54,"C:"
3824.12,"C:"
3864.12,"C:"
3876.12,"C:"
3879.12,"C:"
3880.12,"C:"
3887.12,"C:"
3888.12,"C:"
3892.12,"C:"
3893.12,"C:"
3893.12,"C:"
3895.12,"C:"
3901.12,"C:"
3918.12,"C:"
3919.12,"C:"
3933.12,"C:"
3946.12,"C:"
3954.12,"C:"
3956.12,"C:"
3965.12,"C:"
3978.12,"C:"
3993.11,"C:"
3993.14,"C:"
4005.11,"C:"
4005.14,"C:"
4010.12,"C:"
4012.12,"C:"
4013.12,"C:"
4015.12,"C:"
4028.12,"C:"
4029.12,"C:"
4038.12,"C:"
4039.12,"C:"
4044.12,"C:"
4088.12,"C:"
4117.12,"C:"
4125.11,"C:"
4125.14,"C:"
4135.11,"C:"
4135.14,"C:"
4175.11,"C:"
4175.14,"C:"
4177.11,"C:"
4177.14,"C:"
4181.11,"C:"
4181.14,"C:"
4187.11,"C:"
4187.14,"C:"
4196.12,"C:"
4211.11,"C:"
4211.14,"C:"
4218.11,"C:"
4218.14,"C:"
4264.11,"C:"
4264.14,"C:"
4271.11,"C:"
4271.14,"C:"
4273.11,"C:"
4273.14,"C:"
4334.11,"C:"
4334.14,"C:"
4341.11,"C:"
4341.14,"C:"
4349.11,"C:"
4349.14,"C:"
4352.11,"C:"
4352.14,"C:"
4359.11,"C:"
4359.14,"C:"
4361.11,"C:"
4361.14,"C:"
4378.11,"C:"
4378.14,"C:"
4386.11,"C:"
4386.14,"C:"
4397.12,"C:"
4402.12,"C:"
4406.12,"C:"
4416.11,"C:"
4416.14,"C:"
4423.11,"C:"
4423.14,"C:"
4436.12,"C:"
4459.11,"C:"
4459.14,"C:"
4462.11,"C:"
4462.14,"C:"
4486.11,"C:"
4486.14,"C:"
4492.11,"C:"
4492.14,"C:"
4495.11,"C:"
4495.14,"C:"
4500.11,"C:"
4500.14,"C:"
4511.12,"C:"
4514.12,"C:"
4516.12,"C:"
4535.12,"C:"
4537.12,"C:"
4545.11,"C:"
4545.14,"C:"
4547.11,"C:"
4547.14,"C:"
4551.12,"C:"
4585.11,"C:"
4585.14,"C:"
4595.11,"C:"
4595.14,"C:"
4633.11,"C:"
4633.14,"C:"
4636.11,"C:"
4636.14,"C:"
4643.12,"C:"
4685.11,"C:"
4685.14,"C:"
4694.11,"C:"
4694.14,"C:"
4702.12,"C:"
4726.11,"C:"
4726.14,"C:"
4728.11,"C:"
4728.14,"C:"
4784.11,"C:"
4784.14,"C:"
4803.11,"C:"
4803.14,"C:"
4806.11,"C:"
4806.14,"C:"
4825.11,"C:"
4825.14,"C:"
4839.11,"C:"
4839.14,"C:"
4848.11,"C:"
4848.14,"C:"
4888.11,"C:"
4888.14,"C:"
4890.11,"C:"
4890.14,"C:"
4897.12,"C:"
4919.11,"C:"
4919.14,"C:"
4924.11,"C:"
4924.14,"C:"
4927.11,"C:"
4927.14,"C:"
4948.11,"C:"
4948.14,"C:"
4957.11,"C:"
4957.14,"C:"
4961.12,"C:"
5005.11,"C:"
5005.14,"C:"
5030.11,"C:"
5030.14,"C:"
5037.11,"C:"
5037.14,"C:"
5048.11,"C:"
5048.14,"C:"
5059.12,"C:"
5094.11,"C:"
5094.14,"C:"
5098.11,"C:"
5098.14,"C:"
5102.11,"C:"
5102.14,"C:"
5106.12,"C:"
5147.12,"C:"
5156.11,"C:"
5156.14,"C:"
5163.11,"C:"
5163.14,"C:"
5202.12,"C:"
5266.11,"C:"
5266.14,"C:"
5277.12,"C:"
5279.12,"C:"
5285.12,"C:"
5300.12,"C:"
5315.12,"C:"
5327.12,"C:"
5347.12,"C:"
5354.11,"C:"
5354.14,"C:"
5359.11,"C:"
5359.14,"C:"
5365.12,"C:"
5394.11,"C:"
5394.14,"C:"
5396.11,"C:"
5396.14,"C:"
5403.11,"C:"
5403.14,"C:"
5405.11,"C:"
5405.14,"C:"
5410.12,"C:"
5426.12,"C:"
5428.12,"C:"
5429.12,"C:"
5429.12,"C:"
5430.12,"C:"
5441.12,"C:"
5452.12,"C:"
5453.12,"C:"
5455.12,"C:"
5477.11,"C:"
5477.14,"C:"
5484.11,"C:"
5484.14,"C:"
5491.11,"C:"
5491.14,"C:"
5494.11,"C:"
5494.14,"C:"
5495.12,"C:"
5528.11,"C:"
5528.14,"C:"
5530.11,"C:"
5530.14,"C:"
5566.12,"C:"
5574.11,"C:"
5574.14,"C:"
5589.12,"C:"
5611.12,"C:"
5612.12,"C:"
5622.34,"C:"
5629.12,"C:"
5639.12,"C:"
5648.12,"C:"
5650.12,"C:"
5687.12,"C:"
5692.12,"C:"
5722.5,"C:"
5726.12,"C:"
5730.12,"C:"
5730.12,"C:"
5817.12,"C:"
5826.12,"C:"
5828.12,"C:"
5830.12,"C:"
5835.12,"C:"
5837.12,"C:"
5843.12,"C:"
5915.12,"C:"
5950.12,"C:"
5962.12,"C:"
5966.12,"C:"
5971.12,"C:"
5980.12,"C:"
5984.12,"C:"
5986.12,"C:"
5988.12,"C:"
5989.12,"C:"
5990.12,"C:"
6026.1,"C:"
6071.1,"C:"
6082.1,"C:"
6141.1,"C:"
6150.1,"C:"
6155.12,"C:"
6171.1,"C:"
6175.1,"C:"
6178.1,"C:"
6181.1,"C:"
6185.1,"C:"
6190.1,"C:"
6203.1,"C:"
6213.12,"C:"
6222.1,"C:"
6226.1,"C:"
6228.1,"C:"
6234.1,"C:"
6241.1,"C:"
6242.1,"C:"
6245.1,"C:"
6248.1,"C:"
6251.1,"C:"
6261.1,"C:"
6267.1,"C:"
6294.1,"C:"
6304.1,"C:"
6306.1,"C:"
6312.12,"C:"
6325.1,"C:"
6325.2,"C:"
6330.12,"C:"
6356.12,"C:"
6357.12,"C:"
6375.3,"C:"
6386.12,"C:"
6394.12,"C:"
6405.12,"C:"
6440.12,"C:"
6468.12,"C:"
6475.51,"C:"
6480.12,"C:"
6481.12,"C:"
6523.12,"C:"
6528.12,"C:"
6554.12,"C:"
6560.12,"C:"
6562.12,"C:"
6590.12,"C:"
6591.12,"C:"
6633.12,"C:"
6635.12,"C:"
6685.12,"C:"
6703.12,"C:"
6704.12,"C:"
6711.12,"C:"
6712.12,"C:"
6715.12,"C:"
6716.12,"C:"
6722.12,"C:"
6738.12,"C:"
6739.12,"C:"
6739.12,"C:"
6747.12,"C:"
6751.12,"C:"
6765.12,"C:"
6789.12,"C:"
6794.12,"C:"
6804.12,"C:"
6807.12,"C:"
6810.12,"C:"
6817.12,"C:"
6818.12,"C:"
6838.11,"C:"
6865.12,"C:"
6879.12,"C:"
6880.12,"C:"
6907.12,"C:"
6913.12,"C:"
6915.12,"C:"
6922.12,"C:"
6928.12,"C:"
6930.12,"C:"
6939.12,"C:"
6945.12,"C:"
6952.12,"C:"
6974.12,"C:"
6980.12,"C:"
6989.12,"C:"
6991.12,"C:"
6992.12,"C:"
7012.12,"C:"
7014.12,"C:"
7016.12,"C:"
7018.12,"C:"
7026.12,"C:"
7037.12,"C:"
7039.12,"C:"
7057.12,"C:"
7059.12,"C:"
7061.12,"C:"
7063.12,"C:"
7136.12,"C:"
7138.12,"C:"
7140.12,"C:"
7153.12,"C:"
7236.11,"C:"
7236.21,"C:"
7239.12,"C:"
7266.12,"C:"
7280.12,"C:"
7286.12,"C:"
7286.31,"C:"
7287.12,"C:"
7289.12,"C:"
7293.12,"C:"
7299.12,"C:"
7349.12,"C:"
7366.12,"C:"
7386.5,"C:"
7387.12,"C:"
7424.12,"C:"
7427.12,"C:"
7428.12,"C:"
7436.12,"C:"
7466.12,"C:"
7468.12,"C:"
7476.12,"C:"
7479.12,"C:"
7482.12,"C:"
7485.12,"C:"
7559.12,"C:"
7570.12,"C:"
7570.12,"C:"
7571.12,"C:"
7574.12,"C:"
7576.12,"C:"
7577.12,"C:"
7584.12,"C:"
7596.12,"C:"
7639.12,"C:"
7706.12,"C:"
7722.12,"C:"
7756.12,"C:"
7788.1,"C:"
7798.1,"C:"
7820.1,"C:"
7824.1,"C:"
7833.12,"C:"
7843.12,"C:"
7848.12,"C:"
7942.1,"C:"
7954.1,"C:"
7960.1,"C:"
7966.1,"C:"
7967.1,"C:"
7973.12,"C:"
7975.12,"C:"
7986.1,"C:"
7990.1,"C:"
7990.2,"C:"
7996.12,"C:"
8021.12,"C:"
8026.12,"C:"
8028.12,"C:"
8034.12,"C:"
8036.12,"C:"
8040.3,"C:"
8060.12,"C:"
8092.12,"C:"
8112.12,"C:"
8140.5,"C:"
8211.12,"C:"
8212.12,"C:"
8215.12,"C:"
8227.12,"C:"
8236.12,"C:"
8243.12,"C:"
8244.12,"C:"
8247.12,"C:"
8261.12,"C:"
8262.12,"C:"
8491.1,"C:"
8500.12,"C:"
8514.1,"C:"
8522.1,"C:"
8525.1,"C:"
8535.12,"C:"
8565.12,"C:"
8567.12,"C:"
8569.12,"C:"
8571.12,"C:"
8579.1,"C:"
8587.1,"C:"
8640.1,"C:"
8652.1,"C:"
8657.1,"C:"
8659.1,"C:"
8668.1,"C:"
8675.1,"C:"
8682.12,"C:"
8696.1,"C:"
8701.1,"C:"
8706.1,"C:"
8717.1,"C:"
8733.1,"C:"
8735.1,"C:"
8744.1,"C:"
8744.2,"C:"
8750.12,"C:"
8794.3,"C:"
8796.12,"C:"
8797.12,"C:"
8799.12,"C:"
8848.12,"C:"
8877.12,"C:"
8894.51,"C:"
8913.12,"C:"
8921.12,"C:"
8923.12,"C:"
8928.12,"C:"
8930.12,"C:"
8943.12,"C:"
8944.12,"C:"
8952.12,"C:"
8953.12,"C:"
8956.12,"C:"
8964.12,"C:"
8968.12,"C:"
9044.12,"C:"
9076.12,"C:"
9080.12,"C:"
9082.12,"C:"
9084.12,"C:"
9154.12,"C:"
9159.12,"C:"
9160.12,"C:"
9167.12,"C:"
9172.12,"C:"
9172.12,"C:"
9173.12,"C:"
9201.12,"C:"
9204.12,"C:"
9205.12,"C:"
9269.11,"C:"
9289.12,"C:"
9295.12,"C:"
9397.11,"C:"
9450.12,"C:"
9451.12,"C:"
9466.11,"C:"
9471.11,"C:"
9479.11,"C:"
9493.12,"C:"
9526.11,"C:"
9526.21,"C:"
9529.12,"C:"
9558.12,"C:"
9576.31,"C:"
9584.12,"C:"
9586.12,"C:"
9588.12,"C:"
9612.12,"C:"
9643.12,"C:"
9646.12,"C:"
9655.12,"C:"
9676.5,"C:"
9677.12,"C:"
9805.12,"C:"
9819.12,"C:"
9821.12,"C:"
9838.12,"C:"
9844.12,"C:"
9846.12,"C:"
9941.12,"C:"
10022.1,"C:"
10035.1,"C:"
10036.1,"C:"
10042.12,"C:"
10051.12,"C:"
10054.12,"C:"
10063.1,"C:"
10068.1,"C:"
10075.1,"C:"
10113.1,"C:"
10120.1,"C:"
10126.1,"C:"
10135.1,"C:"
10141.1,"C:"
10147.12,"C:"
10162.1,"C:"
10170.1,"C:"
10174.1,"C:"
10181.1,"C:"
10185.1,"C:"
10187.1,"C:"
10196.1,"C:"
10214.1,"C:"
10218.1,"C:"
10223.1,"C:"
10229.1,"C:"
10231.1,"C:"
10234.1,"C:"
10238.12,"C:"
10252.1,"C:"
10255.1,"C:"
10270.1,"C:"
10278.1,"C:"
10278.2,"C:"
10286.12,"C:"
10325.12,"C:"
10328.3,"C:"
10330.12,"C:"
10418.12,"C:"
10428.51,"C:"
10509.12,"C:"
10511.12,"C:"
10581.12,"C:"
10597.12,"C:"
10599.12,"C:"
10603.12,"C:"
10619.12,"C:"
10620.12,"C:"
10800.11,"C:"
10822.12,"C:"
10824.12,"C:"
10824.12,"C:"
10827.12,"C:"
10827.12,"C:"
10831.12,"C:"
10832.12,"C:"
10834.12,"C:"
10836.12,"C:"
10911.12,"C:"
10913.12,"C:"
10916.12,"C:"
10918.12,"C:"
10924.12,"C:"
10926.12,"C:"
10927.12,"C:"
10974.12,"C:"
10976.12,"C:"
11022.12,"C:"
11024.12,"C:"
11025.12,"C:"
11027.12,"C:"
11072.12,"C:"
11074.12,"C:"
11074.12,"C:"
11076.12,"C:"
11083.12,"C:"
11092.12,"C:"
11146.11,"C:"
11146.21,"C:"
11149.12,"C:"
11175.12,"C:"
11191.12,"C:"
11193.12,"C:"
11196.31,"C:"
11203.12,"C:"
11260.12,"C:"
11296.5,"C:"
11361.12,"C:"
11363.12,"C:"
11374.12,"C:"
11392.12,"C:"
11399.12,"C:"
11414.12,"C:"
11441.12,"C:"
11443.12,"C:"
11445.12,"C:"
11519.12,"C:"
11570.12,"C:"
11585.12,"C:"
11588.12,"C:"
11591.12,"C:"
11623.12,"C:"
11645.1,"C:"
11657.1,"C:"
11683.12,"C:"
11694.1,"C:"
11710.12,"C:"
11717.12,"C:"
11725.12,"C:"
11744.12,"C:"
11748.12,"C:"
11750.12,"C:"
11752.12,"C:"
11754.12,"C:"
11764.1,"C:"
11774.1,"C:"
11784.1,"C:"
11794.12,"C:"
11797.12,"C:"
11798.12,"C:"
11809.12,"C:"
11820.1,"C:"
11834.12,"C:"
11859.12,"C:"
11878.1,"C:"
11894.1,"C:"
11898.1,"C:"
11898.2,"C:"
11905.12,"C:"
11948.3,"C:"
12048.53,"C:"
12059.12,"C:"
12060.12,"C:"
12129.12,"C:"
12130.12,"C:"
12132.12,"C:"
12133.12,"C:"
12146.12,"C:"
12148.12,"C:"
12215.12,"C:"
12225.12,"C:"
12234.1,"C:"
12234.13,"C:"
12253.12,"C:"
12254.12,"C:"
12264.12,"C:"
12271.12,"C:"
12272.12,"C:"
12276.12,"C:"
12286.12,"C:"
12288.12,"C:"
12290.12,"C:"
12292.12,"C:"
12296.12,"C:"
12301.12,"C:"
12302.12,"C:"
12317.12,"C:"
12319.12,"C:"
12339.12,"C:"
12343.12,"C:"
12371.12,"C:"
12373.12,"C:"
12375.12,"C:"
12381.12,"C:"
12463.12,"C:"
12545.12,"C:"
12642.1,"C:"
12642.13,"C:"
12652.1,"C:"
12652.13,"C:"
12705.1,"C:"
12705.13,"C:"
12730.1,"C:"
12730.13,"C:"
12743.1,"C:"
12743.13,"C:"
12748.12,"C:"
12769.1,"C:"
12769.13,"C:"
12786.1,"C:"
12786.13,"C:"
12789.1,"C:"
12789.13,"C:"
12799.1,"C:"
12799.13,"C:"
12811.1,"C:"
12811.13,"C:"
12816.1,"C:"
12816.13,"C:"
12824.1,"C:"
12824.13,"C:"
12827.1,"C:"
12827.13,"C:"
12839.12,"C:"
12864.1,"C:"
12864.13,"C:"
12880.12,"C:"
12900.1,"C:"
12900.13,"C:"
12911.1,"C:"
12911.13,"C:"
12916.1,"C:"
12916.13,"C:"
12918.1,"C:"
12918.13,"C:"
12921.1,"C:"
12921.13,"C:"
12927.12,"C:"
12938.12,"C:"
12955.1,"C:"
12955.13,"C:"
12959.1,"C:"
12959.13,"C:"
12963.1,"C:"
12963.13,"C:"
12966.1,"C:"
12966.13,"C:"
12971.1,"C:"
12971.13,"C:"
12992.1,"C:"
12992.13,"C:"
12997.1,"C:"
12997.13,"C:"
12999.1,"C:"
12999.13,"C:"
13030.1,"C:"
13030.13,"C:"
13034.1,"C:"
13034.13,"C:"
13048.1,"C:"
13048.13,"C:"
13052.1,"C:"
13052.13,"C:"
13053.1,"C:"
13053.13,"C:"
13055.1,"C:"
13055.13,"C:"
13065.12,"C:"
13076.12,"C:"
13090.1,"C:"
13090.13,"C:"
13096.1,"C:"
13096.13,"C:"
13110.1,"C:"
13110.13,"C:"
13128.1,"C:"
13128.13,"C:"
13132.1,"C:"
13132.13,"C:"
13142.1,"C:"
13142.13,"C:"
13146.1,"C:"
13146.13,"C:"
13213.1,"C:"
13213.13,"C:"
13227.1,"C:"
13227.13,"C:"
13234.12,"C:"
13251.12,"C:"
13263.1,"C:"
13263.13,"C:"
13267.1,"C:"
13267.13,"C:"
13279.12,"C:"
13324.1,"C:"
13324.13,"C:"
13340.1,"C:"
13340.13,"C:"
13346.1,"C:"
13346.13,"C:"
13352.1,"C:"
13352.13,"C:"
13405.1,"C:"
13405.13,"C:"
13414.1,"C:"
13414.13,"C:"
13416.1,"C:"
13416.13,"C:"
13421.1,"C:"
13421.13,"C:"
13424.1,"C:"
13424.13,"C:"
13428.12,"C:"
13450.1,"C:"
13450.13,"C:"
13455.1,"C:"
13455.13,"C:"
13461.1,"C:"
13461.13,"C:"
13464.1,"C:"
13464.13,"C:"
13465.1,"C:"
13465.13,"C:"
13471.12,"C:"
13516.1,"C:"
13516.13,"C:"
13524.12,"C:"
13538.1,"C:"
13538.13,"C:"
13546.1,"C:"
13546.13,"C:"
13601.1,"C:"
13601.13,"C:"
13607.1,"C:"
13607.13,"C:"
13618.1,"C:"
13618.13,"C:"
13621.1,"C:"
13621.13,"C:"
13627.12,"C:"
13631.12,"C:"
13646.12,"C:"
13647.12,"C:"
13653.12,"C:"
13672.12,"C:"
13673.12,"C:"
13674.12,"C:"
13699.12,"C:"
13705.12,"C:"
13734.1,"C:"
13734.13,"C:"
13744.1,"C:"
13744.13,"C:"
13750.1,"C:"
13750.13,"C:"
13754.1,"C:"
13754.13,"C:"
13758.1,"C:"
13758.13,"C:"
13761.1,"C:"
13761.13,"C:"
13783.1,"C:"
13783.13,"C:"
13798.12,"C:"
13809.12,"C:"
13848.33,"C:"
13857.12,"C:"
13859.12,"C:"
13864.12,"C:"
13871.12,"C:"
13878.12,"C:"
13885.12,"C:"
13888.12,"C:"
13891.12,"C:"
13907.12,"C:"
13913.12,"C:"
13914.12,"C:"
13916.12,"C:"
13917.12,"C:"
13919.12,"C:"
13928.12,"C:"
13930.12,"C:"
13940.12,"C:"
13941.12,"C:"
13948.51,"C:"
13960.12,"C:"
13962.12,"C:"
13963.12,"C:"
14022.12,"C:"
14081.12,"C:"
14081.12,"C:"
14087.12,"C:"
14105.12,"C:"
14107.12,"C:"
14110.12,"C:"
14120.12,"C:"
14139.12,"C:"
14140.12,"C:"
14140.12,"C:"
14153.12,"C:"
14161.12,"C:"
14163.12,"C:"
14184.12,"C:"
14189.12,"C:"
14233.12,"C:"
14242.12,"C:"
14244.12,"C:"
14246.12,"C:"
14326.12,"C:"
14341.11,"C:"
14345.11,"C:"
14355.12,"C:"
14358.12,"C:"
14360.12,"C:"
14374.11,"C:"
14495.11,"C:"
14502.11,"C:"
14507.12,"C:"
14521.11,"C:"
14526.11,"C:"
14574.11,"C:"
14574.21,"C:"
14578.12,"C:"
14605.12,"C:"
14624.31,"C:"
14667.12,"C:"
14688.12,"C:"
14696.12,"C:"
14697.12,"C:"
14704.12,"C:"
14710.12,"C:"
14724.51,"C:"
14727.12,"C:"
14743.12,"C:"
14749.12,"C:"
14757.12,"C:"
14759.12,"C:"
14789.12,"C:"
14793.12,"C:"
14794.12,"C:"
14795.12,"C:"
14796.12,"C:"
14800.12,"C:"
14822.12,"C:"
14838.12,"C:"
14840.12,"C:"
14862.12,"C:"
14864.12,"C:"
14866.12,"C:"
15181.11,"C:"
15220.11,"C:"
15227.12,"C:"
15235.11,"C:"
15242.12,"C:"
15254.12,"C:"
15266.11,"C:"
15270.11,"C:"
15279.12,"C:"
15280.12,"C:"
15283.12,"C:"
15285.12,"C:"
15363.11,"C:"
15363.21,"C:"
15368.12,"C:"
15413.31,"C:"
15424.12,"C:"
15425.12,"C:"
15427.12,"C:"
15429.12,"C:"
15471.12,"C:"
15495.12,"C:"
15513.5,"C:"
15581.12,"C:"
15582.12,"C:"
15585.12,"C:"
15587.12,"C:"
15602.12,"C:"
15620.12,"C:"
15630.1,"C:"
15769.1,"C:"
16123.1,"C:"
16123.2,"C:"
16128.12,"C:"
16167.12,"C:"
16168.12,"C:"
16173.3,"C:"
16238.12,"C:"
16240.12,"C:"
16243.12,"C:"
16249.12,"C:"
16256.12,"C:"
16259.12,"C:"
16273.51,"C:"
16301.12,"C:"
16533.11,"C:"
16540.11,"C:"
16603.11,"C:"
16641.11,"C:"
16697.11,"C:"
16704.11,"C:"
16707.11,"C:"
16717.11,"C:"
16723.12,"C:"
16729.11,"C:"
16751.11,"C:"
16762.12,"C:"
16766.12,"C:"
16776.11,"C:"
16780.11,"C:"
16785.11,"C:"
16832.11,"C:"
16899.11,"C:"
16899.21,"C:"
16902.12,"C:"
16939.12,"C:"
16940.12,"C:"
16949.31,"C:"
16956.12,"C:"
17027.12,"C:"
17049.5,"C:"
17060.12,"C:"
17066.1,"C:"
17208.1,"C:"
17256.1,"C:"
17269.1,"C:"
17452.1,"C:"
17463.1,"C:"
17468.1,"C:"
17475.12,"C:"
17516.1,"C:"
17526.1,"C:"
17533.12,"C:"
17551.1,"C:"
17564.1,"C:"
17574.12,"C:"
17591.1,"C:"
17598.12,"C:"
17611.1,"C:"
17621.1,"C:"
17628.1,"C:"
17631.1,"C:"
17640.1,"C:"
17645.1,"C:"
17648.1,"C:"
17672.1,"C:"
17672.2,"C:"
17677.12,"C:"
17715.12,"C:"
17720.12,"C:"
17722.3,"C:"
17741.12,"C:"
17742.12,"C:"
17742.12,"C:"
17744.12,"C:"
17753.12,"C:"
17755.12,"C:"
17757.12,"C:"
17777.12,"C:"
17800.12,"C:"
17822.51,"C:"
17828.12,"C:"
17847.12,"C:"
17883.12,"C:"
17900.12,"C:"
17925.12,"C:"
17984.12,"C:"
17995.12,"C:"
18121.11,"C:"
18170.12,"C:"
18173.12,"C:"
18174.12,"C:"
18177.12,"C:"
18178.12,"C:"
18185.12,"C:"
18188.12,"C:"
18193.12,"C:"
18210.12,"C:"
18217.12,"C:"
18221.12,"C:"
18344.12,"C:"
18346.12,"C:"
18348.12,"C:"
18350.12,"C:"
18352.12,"C:"
18358.12,"C:"
18360.12,"C:"
18362.12,"C:"
18428.12,"C:"
18430.12,"C:"
18432.12,"C:"
18439.12,"C:"
18490.12,"C:"
18492.12,"C:"
18492.12,"C:"
18497.12,"C:"
18523.12,"C:"
18527.12,"C:"
18530.12,"C:"
18549.12,"C:"
18586.12,"C:"
18604.12,"C:"
18604.12,"C:"
18619.12,"C:"
18621.12,"C:"
18630.12,"C:"
18632.12,"C:"
18653.12,"C:"
18655.12,"C:"
18656.12,"C:"
18666.12,"C:"
18698.11,"C:"
18698.21,"C:"
18702.12,"C:"
18748.31,"C:"
18764.12,"C:"
18774.12,"C:"
18810.12,"C:"
18813.12,"C:"
18814.12,"C:"
18821.12,"C:"
18824.12,"C:"
18840.12,"C:"
18840.12,"C:"
18841.12,"C:"
18848.5,"C:"
18853.12,"C:"
18893.12,"C:"
18899.12,"C:"
18905.12,"C:"
18914.12,"C:"
18922.12,"C:"
18934.12,"C:"
18969.12,"C:"
19025.12,"C:"
19037.12,"C:"
19039.12,"C:"
19041.12,"C:"
19194.1,"C:"
19204.1,"C:"
19207.1,"C:"
19219.1,"C:"
19223.1,"C:"
19233.1,"C:"
19238.1,"C:"
19244.1,"C:"
19250.12,"C:"
19292.1,"C:"
19300.1,"C:"
19309.1,"C:"
19311.1,"C:"
19314.1,"C:"
19320.1,"C:"
19330.1,"C:"
19337.12,"C:"
19348.1,"C:"
19351.1,"C:"
19362.1,"C:"
19377.1,"C:"
19380.1,"C:"
19385.1,"C:"
19388.1,"C:"
19394.1,"C:"
19401.1,"C:"
19407.1,"C:"
19412.1,"C:"
19417.1,"C:"
19430.1,"C:"
19434.1,"C:"
19437.1,"C:"
19442.1,"C:"
19453.12,"C:"
19507.1,"C:"
19507.2,"C:"
19513.12,"C:"
19545.12,"C:"
19557.3,"C:"
19560.12,"C:"
19562.12,"C:"
19567.12,"C:"
19568.12,"C:"
19571.12,"C:"
19574.12,"C:"
19576.12,"C:"
19578.12,"C:"
19580.12,"C:"
19657.51,"C:"
19699.12,"C:"
19705.12,"C:"
19706.12,"C:"
19710.12,"C:"
19726.12,"C:"
19729.12,"C:"
19735.12,"C:"
19746.12,"C:"
19749.12,"C:"
19760.12,"C:"
19761.12,"C:"
19764.12,"C:"
19771.12,"C:"
19772.12,"C:"
19778.12,"C:"
19811.12,"C:"
19904.12,"C:"
19906.12,"C:"
19938.12,"C:"
19940.12,"C:"
19954.12,"C:"
19955.12,"C:"
19961.12,"C:"
19964.12,"C:"
20018.12,"C:"
20020.12,"C:"
20036.12,"C:"
20038.12,"C:"
20060.12,"C:"
20062.12,"C:"
20078.12,"C:"
20079.12,"C:"
20104.11,"C:"
20111.12,"C:"
20121.11,"C:"
20133.11,"C:"
20143.11,"C:"
20148.12,"C:"
20164.11,"C:"
20168.11,"C:"
20171.11,"C:"
20196.11,"C:"
20201.12,"C:"
20264.11,"C:"
20264.21,"C:"
20268.12,"C:"
20297.12,"C:"
20305.12,"C:"
20306.12,"C:"
20308.12,"C:"
20314.31,"C:"
20322.12,"C:"
20323.12,"C:"
20332.12,"C:"
20398.12,"C:"
20414.51,"C:"
20619.11,"C:"
20673.11,"C:"
20737.11,"C:"
20748.11,"C:"
20775.11,"C:"
20780.12,"C:"
20787.11,"C:"
20805.12,"C:"
20858.11,"C:"
20869.11,"C:"
20885.12,"C:"
20886.12,"C:"
20936.11,"C:"
20971.11,"C:"
20978.11,"C:"
20984.11,"C:"
21021.11,"C:"
21021.21,"C:"
21024.12,"C:"
21056.12,"C:"
21057.12,"C:"
21070.12,"C:"
21071.31,"C:"
21081.12,"C:"
21086.12,"C:"
21092.12,"C:"
21092.12,"C:"
21093.12,"C:"
21133.12,"C:"
21144.12,"C:"
21171.5,"C:"
21332.1,"C:"
21412.12,"C:"
21414.12,"C:"
21426.12,"C:"
21444.1,"C:"
21470.1,"C:"
21481.12,"C:"
21492.12,"C:"
21494.12,"C:"
21507.1,"C:"
21516.1,"C:"
21524.1,"C:"
21530.12,"C:"
21546.12,"C:"
21547.12,"C:"
21560.12,"C:"
21561.12,"C:"
21568.1,"C:"
21596.1,"C:"
21602.1,"C:"
21610.1,"C:"
21634.1,"C:"
21646.1,"C:"
21649.1,"C:"
21651.1,"C:"
21655.1,"C:"
21661.1,"C:"
21665.1,"C:"
21669.12,"C:"
21679.1,"C:"
21685.1,"C:"
21687.1,"C:"
21693.1,"C:"
21699.1,"C:"
21699.12,"C:"
21705.12,"C:"
21839.1,"C:"
21839.2,"C:"
21846.12,"C:"
21879.12,"C:"
21889.3,"C:"
21894.12,"C:"
21899.12,"C:"
21902.12,"C:"
21905.12,"C:"
21921.12,"C:"
21922.12,"C:"
21927.12,"C:"
21933.12,"C:"
21960.12,"C:"
21961.12,"C:"
21965.12,"C:"
21989.51,"C:"
22262.11,"C:"
22269.11,"C:"
22276.12,"C:"
22285.11,"C:"
22291.11,"C:"
22294.11,"C:"
22317.11,"C:"
22324.11,"C:"
22327.11,"C:"
22331.12,"C:"
22366.11,"C:"
22385.11,"C:"
22392.12,"C:"
22417.11,"C:"
22419.11,"C:"
22425.11,"C:"
22442.11,"C:"
22445.11,"C:"
22462.11,"C:"
22466.11,"C:"
22527.11,"C:"
22536.11,"C:"
22541.12,"C:"
22555.11,"C:"
22560.11,"C:"
22566.11,"C:"
22574.12,"C:"
22593.11,"C:"
22593.21,"C:"
22597.12,"C:"
22633.12,"C:"
22643.31,"C:"
22652.12,"C:"
22743.5,"C:"
22871.12,"C:"
22872.12,"C:"
23102.12,"C:"
23127.1,"C:"
23162.1,"C:"
23171.1,"C:"
23190.1,"C:"
23194.1,"C:"
23197.1,"C:"
23201.1,"C:"
23223.1,"C:"
23232.1,"C:"
23242.12,"C:"
23252.1,"C:"
23258.1,"C:"
23260.1,"C:"
23262.1,"C:"
23264.1,"C:"
23271.1,"C:"
23283.1,"C:"
23286.1,"C:"
23292.1,"C:"
23301.1,"C:"
23309.1,"C:"
23314.1,"C:"
23320.12,"C:"
23330.1,"C:"
23333.1,"C:"
23336.1,"C:"
23343.12,"C:"
23355.1,"C:"
23355.2,"C:"
23361.12,"C:"
23405.3,"C:"
23411.12,"C:"
23505.5,"C:"
23856.12,"C:"
23858.12,"C:"
23860.12,"C:"
23862.12,"C:"
23904.12,"C:"
23912.12,"C:"
23917.12,"C:"
23919.12,"C:"
23919.12,"C:"
23921.12,"C:"
23928.12,"C:"
23930.12,"C:"
23983.12,"C:"
24041.12,"C:"
24042.12,"C:"
24090.12,"C:"
24117.12,"C:"
24157.12,"C:"
24166.1,"C:"
24166.2,"C:"
24171.12,"C:"
24216.3,"C:"
24241.12,"C:"
24316.51,"C:"
24346.12,"C:"
24362.12,"C:"
24372.12,"C:"
24395.12,"C:"
24401.12,"C:"
24421.12,"C:"
24423.12,"C:"
24437.12,"C:"
24441.12,"C:"
24442.12,"C:"
24447.12,"C:"
24451.12,"C:"
24453.12,"C:"
24471.12,"C:"
24473.12,"C:"
24503.12,"C:"
24504.12,"C:"
24509.12,"C:"
24516.12,"C:"
24560.12,"C:"
24561.12,"C:"
24563.12,"C:"
24582.12,"C:"
24594.12,"C:"
24597.12,"C:"
24598.12,"C:"
24618.12,"C:"
24619.12,"C:"
24637.12,"C:"
24674.12,"C:"
24710.11,"C:"
24724.12,"C:"
24727.12,"C:"
24728.12,"C:"
24736.12,"C:"
24757.11,"C:"
24787.11,"C:"
24795.12,"C:"
24796.12,"C:"
24814.11,"C:"
24822.11,"C:"
24831.12,"C:"
24839.12,"C:"
24860.11,"C:"
24865.11,"C:"
24900.12,"C:"
24908.11,"C:"
24913.11,"C:"
24919.11,"C:"
24919.21,"C:"
24922.12,"C:"
24965.12,"C:"
24969.31,"C:"
25007.12,"C:"
25010.12,"C:"
25015.12,"C:"
25016.12,"C:"
25019.12,"C:"
25020.12,"C:"
25021.12,"C:"
25051.12,"C:"
25054.12,"C:"
25058.12,"C:"
25060.12,"C:"
25064.12,"C:"
25069.51,"C:"
25077.12,"C:"
25263.11,"C:"
25267.12,"C:"
25430.11,"C:"
25439.11,"C:"
25442.12,"C:"
25444.12,"C:"
25457.11,"C:"
25460.11,"C:"
25504.11,"C:"
25515.11,"C:"
25535.11,"C:"
25576.11,"C:"
25595.12,"C:"
25633.11,"C:"
25639.11,"C:"
25650.11,"C:"
25690.11,"C:"
25690.21,"C:"
25694.12,"C:"
25722.12,"C:"
25725.12,"C:"
25726.12,"C:"
25727.12,"C:"
25740.31,"C:"
25840.5,"C:"
25976.1,"C:"
26047.1,"C:"
26247.1,"C:"
26309.1,"C:"
26319.1,"C:"
26323.1,"C:"
26329.12,"C:"
26343.1,"C:"
26357.1,"C:"
26360.1,"C:"
26365.1,"C:"
26373.12,"C:"
26384.1,"C:"
26388.1,"C:"
26396.1,"C:"
26400.1,"C:"
26402.1,"C:"
26405.1,"C:"
26411.12,"C:"
26420.1,"C:"
26429.1,"C:"
26434.1,"C:"
26438.1,"C:"
26451.1,"C:"
26451.2,"C:"
26456.12,"C:"
26489.12,"C:"
26501.3,"C:"
26601.51,"C:"
26975.11,"C:"
26978.12,"C:"
26990.11,"C:"
27010.11,"C:"
27049.11,"C:"
27056.11,"C:"
27127.11,"C:"
27130.11,"C:"
27134.11,"C:"
27139.12,"C:"
27152.12,"C:"
27167.11,"C:"
27172.12,"C:"
27184.12,"C:"
27200.11,"C:"
27208.12,"C:"
27213.12,"C:"
27215.12,"C:"
27229.12,"C:"
27257.12,"C:"
27260.12,"C:"
27276.12,"C:"
27284.12,"C:"
27285.12,"C:"
27294.12,"C:"
27304.12,"C:"
27306.12,"C:"
27332.12,"C:"
27347.12,"C:"
27366.12,"C:"
27366.12,"C:"
27373.12,"C:"
27377.12,"C:"
27379.12,"C:"
27444.12,"C:"
27444.12,"C:"
27467.12,"C:"
27469.12,"C:"
27516.12,"C:"
27530.12,"C:"
27577.12,"C:"
27604.12,"C:"
27613.12,"C:"
27683.11,"C:"
27683.21,"C:"
27686.12,"C:"
27716.12,"C:"
27721.12,"C:"
27733.31,"C:"
27761.12,"C:"
27766.12,"C:"
27766.12,"C:"
27767.12,"C:"
27768.12,"C:"
27786.12,"C:"
27787.12,"C:"
27800.12,"C:"
27803.12,"C:"
27823.12,"C:"
27833.5,"C:"
27852.1,"C:"
27879.1,"C:"
27918.12,"C:"
28058.1,"C:"
28076.12,"C:"
28094.1,"C:"
28274.1,"C:"
28281.1,"C:"
28297.12,"C:"
28303.12,"C:"
28309.1,"C:"
28321.1,"C:"
28333.12,"C:"
28338.12,"C:"
28345.1,"C:"
28353.1,"C:"
28355.1,"C:"
28366.1,"C:"
28376.12,"C:"
28392.1,"C:"
28394.1,"C:"
28397.1,"C:"
28401.1,"C:"
28416.1,"C:"
28419.1,"C:"
28426.12,"C:"
28439.1,"C:"
28439.2,"C:"
28444.12,"C:"
28483.12,"C:"
28488.12,"C:"
28489.3,"C:"
28567.12,"C:"
28589.54,"C:"
28874.11,"C:"
28874.14,"C:"
28884.12,"C:"
29063.11,"C:"
29063.14,"C:"
29072.11,"C:"
29072.14,"C:"
29141.11,"C:"
29141.14,"C:"
29147.12,"C:"
29148.12,"C:"
29149.12,"C:"
29155.11,"C:"
29155.14,"C:"
29167.11,"C:"
29167.14,"C:"
29171.11,"C:"
29171.14,"C:"
29186.11,"C:"
29186.14,"C:"
29200.11,"C:"
29200.14,"C:"
29204.12,"C:"
29217.12,"C:"
29230.11,"C:"
29230.14,"C:"
29235.11,"C:"
29235.14,"C:"
29239.11,"C:"
29239.14,"C:"
29246.11,"C:"
29246.14,"C:"
29255.12,"C:"
29269.11,"C:"
29269.14,"C:"
29273.11,"C:"
29273.14,"C:"
29278.11,"C:"
29278.14,"C:"
29284.11,"C:"
29284.14,"C:"
29300.11,"C:"
29300.14,"C:"
29321.11,"C:"
29321.14,"C:"
29334.11,"C:"
29334.14,"C:"
29336.11,"C:"
29336.14,"C:"
29361.12,"C:"
29367.11,"C:"
29367.14,"C:"
29371.11,"C:"
29371.14,"C:"
29376.11,"C:"
29376.14,"C:"
29380.12,"C:"
29402.11,"C:"
29402.14,"C:"
29411.11,"C:"
29411.14,"C:"
29417.11,"C:"
29417.14,"C:"
29425.11,"C:"
29425.14,"C:"
29458.12,"C:"
29466.11,"C:"
29466.14,"C:"
29487.11,"C:"
29487.14,"C:"
29553.11,"C:"
29553.14,"C:"
29564.12,"C:"
29575.12,"C:"
29583.11,"C:"
29583.14,"C:"
29590.11,"C:"
29590.14,"C:"
29594.11,"C:"
29594.14,"C:"
29603.11,"C:"
29603.14,"C:"
29609.11,"C:"
29609.14,"C:"
29613.11,"C:"
29613.14,"C:"
29674.11,"C:"
29674.14,"C:"
29773.11,"C:"
29773.14,"C:"
29824.11,"C:"
29824.14,"C:"
29833.11,"C:"
29833.14,"C:"
29842.12,"C:"
29882.11,"C:"
29882.14,"C:"
30068.11,"C:"
30068.14,"C:"
30079.12,"C:"
30096.12,"C:"
30118.11,"C:"
30118.14,"C:"
30231.11,"C:"
30231.14,"C:"
30237.12,"C:"
30241.12,"C:"
30385.11,"C:"
30385.14,"C:"
30389.34,"C:"
30489.5,"C:"
30500.1,"C:"
30521.12,"C:"
30535.12,"C:"
30543.1,"C:"
30714.1,"C:"
30720.12,"C:"
30765.1,"C:"
30773.1,"C:"
30843.1,"C:"
30981.1,"C:"
30987.1,"C:"
30997.12,"C:"
31058.1,"C:"
31064.12,"C:"
31083.1,"C:"
31088.1,"C:"
31097.1,"C:"
31097.2,"C:"
31101.12,"C:"
31133.12,"C:"
31147.3,"C:"
31162.12,"C:"
31165.12,"C:"
31167.12,"C:"
31169.12,"C:"
31171.12,"C:"
31247.5,"C:"
31256.12,"C:"
31308.12,"C:"
31358.12,"C:"
31389.12,"C:"
31429.12,"C:"
31446.12,"C:"
31722.1,"C:"
31735.1,"C:"
31736.1,"C:"
31746.1,"C:"
31749.1,"C:"
31770.12,"C:"
31780.1,"C:"
31788.1,"C:"
31792.1,"C:"
31807.1,"C:"
31811.1,"C:"
31820.1,"C:"
31825.1,"C:"
31826.1,"C:"
31831.1,"C:"
31834.12,"C:"
31847.1,"C:"
31855.1,"C:"
31855.2,"C:"
31861.12,"C:"
31883.12,"C:"
31885.12,"C:"
31905.3,"C:"
31936.12,"C:"
31950.12,"C:"
31953.12,"C:"
31966.12,"C:"
31975.12,"C:"
32005.51,"C:"
32418.11,"C:"
32521.11,"C:"
32542.12,"C:"
32551.12,"C:"
32552.12,"C:"
32554.12,"C:"
32557.12,"C:"
32564.11,"C:"
32644.11,"C:"
32644.21,"C:"
32648.12,"C:"
32680.12,"C:"
32681.12,"C:"
32681.12,"C:"
32682.12,"C:"
32686.12,"C:"
32687.12,"C:"
32694.31,"C:"
32794.51,"C:"
33011.11,"C:"
33042.11,"C:"
33104.11,"C:"
33110.11,"C:"
33114.11,"C:"
33130.12,"C:"
33140.11,"C:"
33147.11,"C:"
33156.12,"C:"
33157.12,"C:"
33222.11,"C:"
33241.12,"C:"
33262.11,"C:"
33275.12,"C:"
33279.12,"C:"
33298.11,"C:"
33306.11,"C:"
33309.11,"C:"
33321.11,"C:"
33333.11,"C:"
33347.11,"C:"
33382.11,"C:"
33390.11,"C:"
33442.11,"C:"
33442.21,"C:"
33446.12,"C:"
33492.31,"C:"
33592.5,"C:"
33606.12,"C:"
33633.1,"C:"
33637.1,"C:"
33874.1,"C:"
33891.1,"C:"
33899.1,"C:"
33905.12,"C:"
33917.1,"C:"
33928.1,"C:"
33933.1,"C:"
33948.1,"C:"
33952.1,"C:"
33955.1,"C:"
33974.1,"C:"
33979.1,"C:"
33984.12,"C:"
34032.1,"C:"
34065.12,"C:"
34076.1,"C:"
34079.1,"C:"
34084.1,"C:"
34100.1,"C:"
34105.1,"C:"
34112.12,"C:"
34124.1,"C:"
34127.1,"C:"
34136.1,"C:"
34142.1,"C:"
34147.1,"C:"
34149.1,"C:"
34160.1,"C:"
34165.1,"C:"
34169.1,"C:"
34172.1,"C:"
34181.1,"C:"
34182.1,"C:"
34193.1,"C:"
34193.2,"C:"
34199.12,"C:"
34243.3,"C:"
34316.12,"C:"
34343.51,"C:"
34540.11,"C:"
34792.12,"C:"
34794.12,"C:"
34799.11,"C:"
34818.11,"C:"
34843.11,"C:"
34858.12,"C:"
34878.11,"C:"
34901.11,"C:"
34942.11,"C:"
34949.11,"C:"
34949.21,"C:"
34953.12,"C:"
34980.12,"C:"
34999.31,"C:"
35000.12,"C:"
35098.12,"C:"
35099.53,"C:"
35121.1,"C:"
35121.13,"C:"
35189.1,"C:"
35189.13,"C:"
35363.1,"C:"
35363.13,"C:"
35373.1,"C:"
35373.13,"C:"
35384.12,"C:"
35394.1,"C:"
35394.13,"C:"
35415.1,"C:"
35415.13,"C:"
35424.1,"C:"
35424.13,"C:"
35427.1,"C:"
35427.13,"C:"
35431.1,"C:"
35431.13,"C:"
35441.12,"C:"
35452.1,"C:"
35452.13,"C:"
35485.1,"C:"
35485.13,"C:"
35500.1,"C:"
35500.13,"C:"
35507.1,"C:"
35507.13,"C:"
35521.1,"C:"
35521.13,"C:"
35529.1,"C:"
35529.13,"C:"
35592.12,"C:"
35600.1,"C:"
35600.13,"C:"
35623.1,"C:"
35623.13,"C:"
35638.1,"C:"
35638.13,"C:"
35644.1,"C:"
35644.13,"C:"
35646.1,"C:"
35646.13,"C:"
35650.12,"C:"
35665.1,"C:"
35665.13,"C:"
35672.12,"C:"
35684.1,"C:"
35684.13,"C:"
35700.1,"C:"
35700.13,"C:"
35706.12,"C:"
35722.1,"C:"
35722.13,"C:"
35735.1,"C:"
35735.13,"C:"
35743.1,"C:"
35743.13,"C:"
35747.1,"C:"
35747.13,"C:"
35761.12,"C:"
35784.1,"C:"
35784.13,"C:"
35793.1,"C:"
35793.13,"C:"
35806.1,"C:"
35806.13,"C:"
35810.1,"C:"
35810.13,"C:"
35837.1,"C:"
35837.13,"C:"
35846.1,"C:"
35846.13,"C:"
35888.1,"C:"
35888.13,"C:"
35894.12,"C:"
35902.1,"C:"
35902.13,"C:"
35913.1,"C:"
35913.13,"C:"
35917.1,"C:"
35917.13,"C:"
36134.1,"C:"
36134.13,"C:"
36153.1,"C:"
36153.13,"C:"
36160.12,"C:"
36182.1,"C:"
36182.13,"C:"
36186.1,"C:"
36186.13,"C:"
36193.1,"C:"
36193.13,"C:"
36201.1,"C:"
36201.13,"C:"
36207.12,"C:"
36225.1,"C:"
36225.13,"C:"
36238.12,"C:"
36250.1,"C:"
36250.13,"C:"
36269.1,"C:"
36269.13,"C:"
36277.1,"C:"
36277.13,"C:"
36288.12,"C:"
36304.1,"C:"
36304.13,"C:"
36318.1,"C:"
36318.13,"C:"
36323.1,"C:"
36323.13,"C:"
36348.1,"C:"
36348.13,"C:"
36362.1,"C:"
36362.13,"C:"
36366.1,"C:"
36366.13,"C:"
36370.1,"C:"
36370.13,"C:"
36371.1,"C:"
36371.13,"C:"
36376.1,"C:"
36376.13,"C:"
36378.1,"C:"
36378.13,"C:"
36467.1,"C:"
36467.13,"C:"
36473.1,"C:"
36473.13,"C:"
36481.1,"C:"
36481.13,"C:"
36488.1,"C:"
36488.13,"C:"
36499.1,"C:"
36499.13,"C:"
36505.12,"C:"
36526.1,"C:"
36526.13,"C:"
36531.1,"C:"
36531.13,"C:"
36539.1,"C:"
36539.13,"C:"
36544.12,"C:"
36549.12,"C:"
36578.1,"C:"
36578.13,"C:"
36592.1,"C:"
36592.13,"C:"
36598.12,"C:"
36629.1,"C:"
36629.13,"C:"
36741.1,"C:"
36741.13,"C:"
36747.12,"C:"
36753.1,"C:"
36753.13,"C:"
36827.1,"C:"
36827.13,"C:"
36837.1,"C:"
36837.13,"C:"
36842.1,"C:"
36842.13,"C:"
36899.33,"C:"
36977.12,"C:"
36999.54,"C:"
37359.11,"C:"
37359.14,"C:"
37434.11,"C:"
37434.14,"C:"
37439.11,"C:"
37439.14,"C:"
37490.11,"C:"
37490.14,"C:"
37545.11,"C:"
37545.14,"C:"
37561.12,"C:"
37579.11,"C:"
37579.14,"C:"
37584.11,"C:"
37584.14,"C:"
37587.11,"C:"
37587.14,"C:"
37609.12,"C:"
37656.11,"C:"
37656.14,"C:"
37693.11,"C:"
37693.14,"C:"
37742.11,"C:"
37742.14,"C:"
37755.11,"C:"
37755.14,"C:"
37786.11,"C:"
37786.14,"C:"
37795.12,"C:"
37817.11,"C:"
37817.14,"C:"
37826.11,"C:"
37826.14,"C:"
37829.11,"C:"
37829.14,"C:"
37861.11,"C:"
37861.14,"C:"
38086.11,"C:"
38086.14,"C:"
38116.11,"C:"
38116.14,"C:"
38120.12,"C:"
38289.11,"C:"
38289.14,"C:"
38387.11,"C:"
38387.14,"C:"
38411.11,"C:"
38411.14,"C:"
38416.12,"C:"
38416.12,"C:"
38420.12,"C:"
38430.11,"C:"
38430.14,"C:"
38452.11,"C:"
38452.14,"C:"
38785.11,"C:"
38785.14,"C:"
38799.34,"C:"
38808.12,"C:"
38899.5,"C:"
39040.1,"C:"
39051.1,"C:"
39060.1,"C:"
39156.1,"C:"
39166.1,"C:"
39173.1,"C:"
39178.1,"C:"
39184.1,"C:"
39189.12,"C:"
39208.1,"C:"
39212.1,"C:"
39216.1,"C:"
39272.1,"C:"
39283.1,"C:"
39289.1,"C:"
39303.1,"C:"
39310.12,"C:"
39334.1,"C:"
39351.1,"C:"
39360.12,"C:"
39374.1,"C:"
39393.1,"C:"
39399.1,"C:"
39409.1,"C:"
39475.1,"C:"
39483.1,"C:"
39485.1,"C:"
39494.12,"C:"
39516.1,"C:"
39516.2,"C:"
39521.12,"C:"
39548.12,"C:"
39566.3,"C:"
39587.12,"C:"
39657.12,"C:"
39661.12,"C:"
39666.53,"C:"
40259.1,"C:"
40259.13,"C:"
40288.1,"C:"
40288.13,"C:"
40315.12,"C:"
40326.1,"C:"
40326.13,"C:"
40333.1,"C:"
40333.13,"C:"
40344.1,"C:"
40344.13,"C:"
40349.1,"C:"
40349.13,"C:"
40361.1,"C:"
40361.13,"C:"
40367.12,"C:"
40375.1,"C:"
40375.13,"C:"
40400.1,"C:"
40400.13,"C:"
40402.1,"C:"
40402.13,"C:"
40407.1,"C:"
40407.13,"C:"
40415.1,"C:"
40415.13,"C:"
40419.1,"C:"
40419.13,"C:"
40430.1,"C:"
40430.13,"C:"
40436.1,"C:"
40436.13,"C:"
40445.1,"C:"
40445.13,"C:"
40450.1,"C:"
40450.13,"C:"
40460.1,"C:"
40460.13,"C:"
40470.1,"C:"
40470.13,"C:"
40475.12,"C:"
40485.1,"C:"
40485.13,"C:"
40490.1,"C:"
40490.13,"C:"
40497.1,"C:"
40497.13,"C:"
40504.1,"C:"
40504.13,"C:"
40509.1,"C:"
40509.13,"C:"
40553.1,"C:"
40553.13,"C:"
40556.1,"C:"
40556.13,"C:"
40560.1,"C:"
40560.13,"C:"
40575.1,"C:"
40575.13,"C:"
40580.1,"C:"
40580.13,"C:"
40583.1,"C:"
40583.13,"C:"
40591.12,"C:"
40599.1,"C:"
40599.13,"C:"
40649.1,"C:"
40649.13,"C:"
40659.1,"C:"
40659.13,"C:"
40662.1,"C:"
40662.13,"C:"
40668.1,"C:"
40668.13,"C:"
40669.1,"C:"
40669.13,"C:"
40678.12,"C:"
40704.1,"C:"
40704.13,"C:"
40722.1,"C:"
40722.13,"C:"
40739.1,"C:"
40739.13,"C:"
40745.1,"C:"
40745.13,"C:"
40771.1,"C:"
40771.13,"C:"
40776.1,"C:"
40776.13,"C:"
40780.12,"C:"
40796.1,"C:"
40796.13,"C:"
40810.1,"C:"
40810.13,"C:"
40819.1,"C:"
40819.13,"C:"
40839.1,"C:"
40839.13,"C:"
40845.1,"C:"
40845.13,"C:"
40849.1,"C:"
40849.13,"C:"
40855.12,"C:"
40871.1,"C:"
40871.13,"C:"
41113.1,"C:"
41113.13,"C:"
41132.12,"C:"
41185.1,"C:"
41185.13,"C:"
41205.1,"C:"
41205.13,"C:"
41215.12,"C:"
41237.1,"C:"
41237.13,"C:"
41250.1,"C:"
41250.13,"C:"
41271.1,"C:"
41271.13,"C:"
41282.1,"C:"
41282.13,"C:"
41287.12,"C:"
41303.1,"C:"
41303.13,"C:"
41327.1,"C:"
41327.13,"C:"
41466.33,"C:"
41476.12,"C:"
41482.12,"C:"
41566.51,"C:"
41691.11,"C:"
41713.11,"C:"
41975.11,"C:"
41979.11,"C:"
41991.12,"C:"
0,"X:"
447.001,"X:"
451.002,"X:"
470.003,"X:"
504.004,"X:"
514.005,"X:"
518.006,"X:"
555.007,"X:"
564.008,"X:"
566.009,"X:"
569.01,"X:"
599.011,"X:"
604.012,"X:"
604.012,"X:"
654,"X:"
654,"X:"
852.001,"X:"
978.002,"X:"
984.003,"X:"
987.004,"X:"
995.005,"X:"
1017.006,"X:"
1022.007,"X:"
1024.008,"X:"
1034.009,"X:"
1041.01,"X:"
1047.011,"X:"
1048.012,"X:"
1052.013,"X:"
1062.014,"X:"
1068.015,"X:"
1126.016,"X:"
1135.017,"X:"
1139.018,"X:"
1154.019,"X:"
1156.02,"X:"
1167.021,"X:"
1173.022,"X:"
1176.023,"X:"
1182.024,"X:"
1192.025,"X:"
1229.026,"X:"
1238.027,"X:"
1247.028,"X:"
1250.029,"X:"
1263.03,"X:"
1263.03,"X:"
1313,"X:"
1313,"X:"
1313,"X:"
1313,"X:"
1313.151,"X:"
1313.152,"X:"
1313.153,"X:"
1313.154,"X:"
1313.155,"X:"
1313.156,"X:"
1313.157,"X:"
1313.158,"X:"
1313.159,"X:"
1313.16,"X:"
1313.161,"X:"
1313.162,"X:"
1313.163,"X:"
1313.164,"X:"
1313.165,"X:"
1313.166,"X:"
1313.167,"X:"
1313.168,"X:"
1313.169,"X:"
1313.17,"X:"
1313.171,"X:"
1313.172,"X:"
1313.173,"X:"
1313.174,"X:"
1313.175,"X:"
1313.176,"X:"
1313.177,"X:"
1313.177,"X:"
1714.001,"X:"
1724.002,"X:"
1746.003,"X:"
1750.004,"X:"
1868.005,"X:"
1880.006,"X:"
1886.007,"X:"
1892.008,"X:"
1893.009,"X:"
1912.01,"X:"
1916.011,"X:"
1916.011,"X:"
1966,"X:"
1966,"X:"
2317.001,"X:"
2340.002,"X:"
2347.003,"X:"
2351.004,"X:"
2405.005,"X:"
2413.006,"X:"
2465.007,"X:"
2477.008,"X:"
2483.009,"X:"
2484.01,"X:"
2493.011,"X:"
2501.012,"X:"
2521.013,"X:"
2527.014,"X:"
2531.015,"X:"
2543.016,"X:"
2558.017,"X:"
2560.018,"X:"
2569.019,"X:"
2570.019,"X:"
2620,"X:"
2620,"X:"
2965.001,"X:"
2978.002,"X:"
2979.003,"X:"
3006.004,"X:"
3012.005,"X:"
3018.006,"X:"
3057.007,"X:"
3064.008,"X:"
3069.009,"X:"
3078.01,"X:"
3084.011,"X:"
3105.012,"X:"
3113.013,"X:"
3118.014,"X:"
3124.015,"X:"
3129.016,"X:"
3130.017,"X:"
3139.018,"X:"
3157.019,"X:"
3161.02,"X:"
3166.021,"X:"
3172.022,"X:"
3174.023,"X:"
3177.024,"X:"
3195.025,"X:"
3199.026,"X:"
3214.027,"X:"
3222.028,"X:"
3222.028,"X:"
3272,"X:"
3272,"X:"
3621.001,"X:"
3632.002,"X:"
3669.003,"X:"
3739.004,"X:"
3749.005,"X:"
3760.006,"X:"
3795.007,"X:"
3854.008,"X:"
3869.009,"X:"
3873.01,"X:"
3873.01,"X:"
3923,"X:"
3923,"X:"
4108.002,"X:"
4516.004,"X:"
4526.006,"X:"
4580.008,"X:"
4605.01,"X:"
4617.012,"X:"
4644.014,"X:"
4660.016,"X:"
4664.018,"X:"
4673.02,"X:"
4685.022,"X:"
4690.024,"X:"
4698.026,"X:"
4702.028,"X:"
4738.03,"X:"
4774.032,"X:"
4786.034,"X:"
4790.036,"X:"
4792.038,"X:"
4795.04,"X:"
4830.042,"X:"
4834.044,"X:"
4837.046,"X:"
4840.048,"X:"
4845.05,"X:"
4866.052,"X:"
4871.054,"X:"
4874.056,"X:"
4904.058,"X:"
4908.06,"X:"
4922.062,"X:"
4926.064,"X:"
4928.066,"X:"
4929.068,"X:"
4965.07,"X:"
4970.072,"X:"
4985.074,"X:"
5003.076,"X:"
5006.078,"X:"
5017.08,"X:"
5021.082,"X:"
5087.084,"X:"
5102.086,"X:"
5137.088,"X:"
5142.09,"X:"
5199.092,"X:"
5214.094,"X:"
5221.096,"X:"
5227.098,"X:"
5279.1,"X:"
5288.102,"X:"
5291.104,"X:"
5296.106,"X:"
5298.108,"X:"
5325.11,"X:"
5329.112,"X:"
5335.114,"X:"
5338.116,"X:"
5339.118,"X:"
5390.12,"X:"
5412.122,"X:"
5420.124,"X:"
5476.126,"X:"
5481.128,"X:"
5493.13,"X:"
5495.132,"X:"
5608.134,"X:"
5619.136,"X:"
5625.138,"X:"
5629.14,"X:"
5633.142,"X:"
5635.144,"X:"
5658.146,"X:"
7505.001,"X:"
7643.002,"X:"
7997.003,"X:"
7997.003,"X:"
8047,"X:"
8047,"X:"
8064.001,"X:"
8206.002,"X:"
8254.003,"X:"
8267.004,"X:"
8450.005,"X:"
8461.006,"X:"
8466.007,"X:"
8514.008,"X:"
8524.009,"X:"
8549.01,"X:"
8562.011,"X:"
8589.012,"X:"
8609.013,"X:"
8619.014,"X:"
8626.015,"X:"
8629.016,"X:"
8638.017,"X:"
8643.018,"X:"
8646.019,"X:"
8670.02,"X:"
8670.02,"X:"
8720,"X:"
8720,"X:"
9065.001,"X:"
9075.002,"X:"
9079.003,"X:"
9091.004,"X:"
9094.005,"X:"
9104.006,"X:"
9109.007,"X:"
9115.008,"X:"
9163.009,"X:"
9171.01,"X:"
9180.011,"X:"
9183.012,"X:"
9185.013,"X:"
9191.014,"X:"
9201.015,"X:"
9220.016,"X:"
9222.017,"X:"
9233.018,"X:"
9249.019,"X:"
9251.02,"X:"
9257.021,"X:"
9260.022,"X:"
9266.023,"X:"
9273.024,"X:"
9279.025,"X:"
9283.026,"X:"
9288.027,"X:"
9302.028,"X:"
9306.029,"X:"
9308.03,"X:"
9314.031,"X:"
9378.032,"X:"
9378.032,"X:"
9428,"X:"
9428,"X:"
9589.001,"X:"
9701.002,"X:"
9727.003,"X:"
9764.004,"X:"
9773.005,"X:"
9781.006,"X:"
9825.007,"X:"
9853.008,"X:"
9859.009,"X:"
9867.01,"X:"
9891.011,"X:"
9903.012,"X:"
9906.013,"X:"
9908.014,"X:"
9912.015,"X:"
9918.016,"X:"
9922.017,"X:"
9936.018,"X:"
9942.019,"X:"
9944.02,"X:"
9950.021,"X:"
9956.022,"X:"
10095.023,"X:"
10096.023,"X:"
10146,"X:"
10146,"X:"
10529.001,"X:"
10565.002,"X:"
10573.003,"X:"
10592.004,"X:"
10596.005,"X:"
10599.006,"X:"
10603.007,"X:"
10625.008,"X:"
10634.009,"X:"
10654.01,"X:"
10660.011,"X:"
10662.012,"X:"
10664.013,"X:"
10666.014,"X:"
10673.015,"X:"
10686.016,"X:"
10688.017,"X:"
10694.018,"X:"
10703.019,"X:"
10712.02,"X:"
10716.021,"X:"
10732.022,"X:"
10735.023,"X:"
10738.024,"X:"
10757.025,"X:"
10757.025,"X:"
10807,"X:"
10807,"X:"
11467.001,"X:"
11467.001,"X:"
11517,"X:"
11517,"X:"
11652.001,"X:"
11723.002,"X:"
11923.003,"X:"
11985.004,"X:"
11995.005,"X:"
12000.006,"X:"
12019.007,"X:"
12033.008,"X:"
12036.009,"X:"
12041.01,"X:"
12060.011,"X:"
12064.012,"X:"
12072.013,"X:"
12076.014,"X:"
12079.015,"X:"
12081.016,"X:"
12096.017,"X:"
12105.018,"X:"
12110.019,"X:"
12114.02,"X:"
12127.021,"X:"
12127.021,"X:"
12177,"X:"
12177,"X:"
12195.001,"X:"
12222.002,"X:"
12401.003,"X:"
12437.004,"X:"
12617.005,"X:"
12624.006,"X:"
12652.007,"X:"
12664.008,"X:"
12689.009,"X:"
12696.01,"X:"
12699.011,"X:"
12709.012,"X:"
12735.013,"X:"
12737.014,"X:"
12741.015,"X:"
12744.016,"X:"
12760.017,"X:"
12762.018,"X:"
12782.019,"X:"
12782.019,"X:"
12832,"X:"
12832,"X:"
12832,"X:"
12832,"X:"
12832,"X:"
12832,"X:"
12832.001,"X:"
12832.002,"X:"
12832.003,"X:"
12832.004,"X:"
12832.005,"X:"
12832.006,"X:"
12832.007,"X:"
12832.008,"X:"
12832.009,"X:"
12832.01,"X:"
12832.011,"X:"
12832.012,"X:"
12832.013,"X:"
12832.014,"X:"
12832.015,"X:"
12832.016,"X:"
12832.016,"X:"
12832.093,"X:"
12832.094,"X:"
12832.095,"X:"
12832.096,"X:"
12832.097,"X:"
12832.098,"X:"
12832.099,"X:"
12832.1,"X:"
12832.101,"X:"
12832.102,"X:"
12832.103,"X:"
12832.104,"X:"
12832.104,"X:"
12872.001,"X:"
12876.002,"X:"
13113.003,"X:"
13130.004,"X:"
13138.005,"X:"
13156.006,"X:"
13167.007,"X:"
13172.008,"X:"
13187.009,"X:"
13191.01,"X:"
13194.011,"X:"
13213.012,"X:"
13218.013,"X:"
13271.014,"X:"
13315.015,"X:"
13318.016,"X:"
13323.017,"X:"
13339.018,"X:"
13344.019,"X:"
13363.02,"X:"
13366.021,"X:"
13375.022,"X:"
13381.023,"X:"
13386.024,"X:"
13388.025,"X:"
13399.026,"X:"
13404.027,"X:"
13408.028,"X:"
13411.029,"X:"
13420.03,"X:"
13421.031,"X:"
13432.032,"X:"
13432.032,"X:"
13482,"X:"
13482,"X:"
13503.002,"X:"
13571.004,"X:"
13745.006,"X:"
13755.008,"X:"
13776.01,"X:"
13797.012,"X:"
13806.014,"X:"
13809.016,"X:"
13813.018,"X:"
13834.02,"X:"
13867.022,"X:"
13882.024,"X:"
13889.026,"X:"
13903.028,"X:"
13911.03,"X:"
13982.032,"X:"
14005.034,"X:"
14020.036,"X:"
14026.038,"X:"
14028.04,"X:"
14047.042,"X:"
14066.044,"X:"
14082.046,"X:"
14104.048,"X:"
14117.05,"X:"
14125.052,"X:"
14129.054,"X:"
14166.056,"X:"
14175.058,"X:"
14188.06,"X:"
14192.062,"X:"
14219.064,"X:"
14228.066,"X:"
14270.068,"X:"
14284.07,"X:"
14295.072,"X:"
14299.074,"X:"
14516.076,"X:"
14535.078,"X:"
14564.08,"X:"
14568.082,"X:"
14575.084,"X:"
14583.086,"X:"
14607.088,"X:"
14632.09,"X:"
14651.092,"X:"
14659.094,"X:"
14686.096,"X:"
14700.098,"X:"
14705.1,"X:"
14730.102,"X:"
14744.104,"X:"
14748.106,"X:"
14752.108,"X:"
14753.11,"X:"
14758.112,"X:"
14760.114,"X:"
14849.116,"X:"
14855.118,"X:"
14863.12,"X:"
14870.122,"X:"
14881.124,"X:"
14908.126,"X:"
14913.128,"X:"
14921.13,"X:"
14960.132,"X:"
14974.134,"X:"
15011.136,"X:"
15123.138,"X:"
15135.14,"X:"
15209.142,"X:"
15219.144,"X:"
15224.146,"X:"
17422.197,"X:"
17433.198,"X:"
17442.199,"X:"
17538.2,"X:"
17548.201,"X:"
17555.202,"X:"
17560.203,"X:"
17566.204,"X:"
17590.205,"X:"
17594.206,"X:"
17598.207,"X:"
17654.208,"X:"
17665.209,"X:"
17671.21,"X:"
17685.211,"X:"
17716.212,"X:"
17733.213,"X:"
17756.214,"X:"
17775.215,"X:"
17781.216,"X:"
17791.217,"X:"
17857.218,"X:"
17865.219,"X:"
17867.22,"X:"
17898.221,"X:"
17898.221,"X:"
17948,"X:"
17948,"X:"
18540.002,"X:"
18569.004,"X:"
18608.006,"X:"
18615.008,"X:"
18625.01,"X:"
18630.012,"X:"
18643.014,"X:"
18656.016,"X:"
18682.018,"X:"
18684.02,"X:"
18689.022,"X:"
18696.024,"X:"
18700.026,"X:"
18711.028,"X:"
18717.03,"X:"
18726.032,"X:"
18731.034,"X:"
18741.036,"X:"
18752.038,"X:"
18766.04,"X:"
18771.042,"X:"
18778.044,"X:"
18786.046,"X:"
18790.048,"X:"
18835.05,"X:"
18837.052,"X:"
18841.054,"X:"
18856.056,"X:"
18861.058,"X:"
18865.06,"X:"
18880.062,"X:"
18931.064,"X:"
18940.066,"X:"
18943.068,"X:"
18949.07,"X:"
18950.072,"X:"
18985.074,"X:"
19004.076,"X:"
19020.078,"X:"
19026.08,"X:"
19052.082,"X:"
19057.084,"X:"
19077.086,"X:"
19091.088,"X:"
19101.09,"X:"
19120.092,"X:"
19126.094,"X:"
19130.096,"X:"
19152.098,"X:"
19395.1,"X:"
19466.102,"X:"
19487.104,"X:"
19518.106,"X:"
19532.108,"X:"
19552.11,"X:"
19563.112,"X:"
19585.114,"X:"
19609.116,"X:"
0.12,"C:"
0.12,"C:"
0.12,"C:"
0.12,"C:"
0.12,"C:"
0.12,"C:"
0.12,"C:"
0.12,"C:"
0.12,"C:"
0.12,"C:"
0.12,"C:"
0.12,"C:"
0.12,"C:"
0.12,"C:"
0.12,"C:"
0.12,"C:"
0.12,"C:"
0.12,"C:"
0.12,"C:"
0.12,"C:"
0.12,"C:"
0.12,"C:"
0.12,"C:"
0.12,"C:"
0.12,"C:"
0.12,"C:"
0.12,"C:"
0.12,"C:"
0.12,"C:"
0.12,"C:"
0.12,"C:"
0.12,"C:"
0.12,"C:"
0.12,"C:"
0.12,"C:"
0.12,"C:"
0.12,"C:"
0.12,"C:"
0.12,"C:"
0.12,"C:"
0.12,"C:"
0.12,"C:"
0.12,"C:"
0.12,"C:"
0.12,"C:"
0.12,"C:"
0.12,"C:"
0.12,"C:"
0.12,"C:"
0.12,"C:"
0.12,"C:"
0.12,"C:"
0.12,"C:"
0.12,"C:"
0.12,"C:"
0.12,"C:"
0.12,"C:"
0.12,"C:"
0.12,"C:"
0.12,"C:"
0.12,"C:"
0.12,"C:"
0.12,"C:"
0.12,"C:"
0.12,"C:"
0.12,"C:"
0.12,"C:"
0.12,"C:"
0.12,"C:"
0.12,"C:"
0.12,"C:"
0.12,"C:"
0.12,"C:"
0.12,"C:"
0.12,"C:"
0.12,"C:"
0.51,"C:"
9.12,"C:"
32.12,"C:"
36.12,"C:"
39.12,"C:"
42.12,"C:"
48.12,"C:"
67.12,"C:"
68.12,"C:"
70.12,"C:"
83.11,"C:"
86.12,"C:"
88.12,"C:"
151.12,"C:"
155.11,"C:"
160.12,"C:"
163.12,"C:"
181.12,"C:"
227.11,"C:"
272.11,"C:"
277.12,"C:"
286.12,"C:"
286.12,"C:"
287.12,"C:"
307.11,"C:"
314.11,"C:"
317.12,"C:"
324.12,"C:"
372.11,"C:"
377.12,"C:"
385.12,"C:"
391.12,"C:"
472.11,"C:"
479.11,"C:"
482.11,"C:"
486.11,"C:"
490.11,"C:"
496.11,"C:"
498.11,"C:"
514.11,"C:"
519.11,"C:"
536.12,"C:"
545.12,"C:"
564.11,"C:"
564.21,"C:"
567.12,"C:"
607.12,"C:"
614.31,"C:"
714.51,"C:"
1067.11,"C:"
1156.11,"C:"
1159.12,"C:"
1165.12,"C:"
1218.11,"C:"
1224.11,"C:"
1227.11,"C:"
1229.11,"C:"
1234.11,"C:"
1239.11,"C:"
1241.12,"C:"
1243.12,"C:"
1292.11,"C:"
1292.21,"C:"
1295.12,"C:"
1342.31,"C:"
1442.5,"C:"
1612.12,"C:"
1613.12,"C:"
1616.12,"C:"
1630.12,"C:"
1632.12,"C:"
1809.12,"C:"
1811.12,"C:"
1813.12,"C:"
1816.12,"C:"
1818.12,"C:"
1821.12,"C:"
1823.12,"C:"
1827.12,"C:"
1828.12,"C:"
1891.12,"C:"
1892.12,"C:"
1894.12,"C:"
1895.12,"C:"
1897.12,"C:"
1945.1,"C:"
1950.12,"C:"
1959.12,"C:"
1966.12,"C:"
1981.1,"C:"
1985.12,"C:"
1996.12,"C:"
2038.1,"C:"
2043.1,"C:"
2045.1,"C:"
2048.1,"C:"
2049.1,"C:"
2053.1,"C:"
2061.1,"C:"
2064.1,"C:"
2066.1,"C:"
2069.12,"C:"
2079.12,"C:"
2084.12,"C:"
2086.12,"C:"
2098.2,"C:"
2102.12,"C:"
2148.3,"C:"
2248.5,"C:"
2529.12,"C:"
2535.12,"C:"
2539.12,"C:"
2541.12,"C:"
2612.12,"C:"
2619.1,"C:"
2624.1,"C:"
2630.1,"C:"
2633.1,"C:"
2636.1,"C:"
2641.12,"C:"
2645.12,"C:"
2646.12,"C:"
2648.12,"C:"
2667.12,"C:"
2680.1,"C:"
2693.1,"C:"
2700.1,"C:"
2706.1,"C:"
2708.1,"C:"
2721.1,"C:"
2728.1,"C:"
2733.1,"C:"
2735.1,"C:"
2738.1,"C:"
2740.1,"C:"
2755.1,"C:"
2758.1,"C:"
2762.1,"C:"
2765.1,"C:"
2768.12,"C:"
2816.1,"C:"
2822.1,"C:"
2825.1,"C:"
2829.1,"C:"
2836.1,"C:"
2841.1,"C:"
2847.1,"C:"
2854.1,"C:"
2858.1,"C:"
2867.1,"C:"
2874.1,"C:"
2876.2,"C:"
2880.12,"C:"
2926.3,"C:"
3026.51,"C:"
3158.12,"C:"
3359.12,"C:"
3360.12,"C:"
3462.11,"C:"
3517.11,"C:"
3547.11,"C:"
3550.11,"C:"
3555.11,"C:"
3557.11,"C:"
3599.11,"C:"
3603.11,"C:"
3606.11,"C:"
3613.12,"C:"
3614.12,"C:"
3620.12,"C:"
3637.11,"C:"
3640.11,"C:"
3642.11,"C:"
3647.11,"C:"
3653.12,"C:"
3686.11,"C:"
3689.12,"C:"
3695.12,"C:"
3720.11,"C:"
3720.21,"C:"
3723.12,"C:"
3770.31,"C:"
3775.12,"C:"
3870.51,"C:"
4335.11,"C:"
4342.12,"C:"
4344.12,"C:"
4389.11,"C:"
4392.11,"C:"
4395.11,"C:"
4399.11,"C:"
4402.11,"C:"
4431.11,"C:"
4437.11,"C:"
4443.11,"C:"
4448.11,"C:"
4491.11,"C:"
4496.11,"C:"
4498.11,"C:"
4503.11,"C:"
4506.11,"C:"
4512.12,"C:"
4513.12,"C:"
4525.12,"C:"
4529.12,"C:"
4535.11,"C:"
4537.11,"C:"
4537.21,"C:"
4541.12,"C:"
4587.31,"C:"
4687.5,"C:"
4860.12,"C:"
5105.12,"C:"
5113.12,"C:"
5115.12,"C:"
5219.1,"C:"
5224.1,"C:"
5228.12,"C:"
5231.12,"C:"
5233.12,"C:"
5264.12,"C:"
5268.12,"C:"
5278.1,"C:"
5284.1,"C:"
5298.1,"C:"
5309.1,"C:"
5311.1,"C:"
5313.1,"C:"
5319.12,"C:"
5333.12,"C:"
5337.12,"C:"
5338.2,"C:"
5340.12,"C:"
5388.3,"C:"
5479.12,"C:"
5488.51,"C:"
5727.12,"C:"
5728.12,"C:"
5735.12,"C:"
5739.12,"C:"
5740.12,"C:"
5744.12,"C:"
5940.11,"C:"
5942.11,"C:"
5985.11,"C:"
5988.11,"C:"
5991.11,"C:"
5997.11,"C:"
6038.11,"C:"
6040.11,"C:"
6044.11,"C:"
6050.11,"C:"
6060.11,"C:"
6064.11,"C:"
6069.11,"C:"
6071.11,"C:"
6074.11,"C:"
6082.11,"C:"
6085.11,"C:"
6088.11,"C:"
6132.11,"C:"
6145.12,"C:"
6147.12,"C:"
6147.12,"C:"
6149.12,"C:"
6150.12,"C:"
6151.12,"C:"
6171.11,"C:"
6171.21,"C:"
6174.12,"C:"
6221.31,"C:"
6228.12,"C:"
6321.5,"C:"
6699.12,"C:"
6700.12,"C:"
6702.12,"C:"
6709.12,"C:"
6713.12,"C:"
6717.12,"C:"
6862.1,"C:"
6868.1,"C:"
6874.1,"C:"
6880.1,"C:"
6884.1,"C:"
6892.12,"C:"
6922.2,"C:"
6927.12,"C:"
6972.3,"C:"
6973.12,"C:"
7072.51,"C:"
7193.12,"C:"
7200.12,"C:"
7204.12,"C:"
7208.12,"C:"
7463.12,"C:"
7485.11,"C:"
7494.11,"C:"
7498.11,"C:"
7535.11,"C:"
7538.11,"C:"
7545.12,"C:"
7598.11,"C:"
7602.11,"C:"
7604.11,"C:"
7659.11,"C:"
7666.11,"C:"
7672.12,"C:"
7677.12,"C:"
7679.12,"C:"
7683.12,"C:"
7687.11,"C:"
7690.11,"C:"
7695.12,"C:"
7727.11,"C:"
7730.11,"C:"
7735.11,"C:"
7741.12,"C:"
7762.12,"C:"
7764.12,"C:"
7765.12,"C:"
7773.11,"C:"
7773.21,"C:"
7777.12,"C:"
7823.31,"C:"
7923.51,"C:"
8054.12,"C:"
8067.12,"C:"
8478.11,"C:"
8483.12,"C:"
8489.12,"C:"
8510.11,"C:"
8521.12,"C:"
8522.12,"C:"
8554.11,"C:"
8558.11,"C:"
8565.12,"C:"
8570.12,"C:"
8574.12,"C:"
8615.11,"C:"
8615.21,"C:"
8618.12,"C:"
8665.12,"C:"
8665.31,"C:"
8765.5,"C:"
9235.12,"C:"
9239.12,"C:"
9239.12,"C:"
9241.12,"C:"
9246.12,"C:"
9299.12,"C:"
9355.1,"C:"
9364.1,"C:"
9373.1,"C:"
9375.1,"C:"
9385.1,"C:"
9390.1,"C:"
9393.1,"C:"
9407.1,"C:"
9410.1,"C:"
9414.1,"C:"
9415.2,"C:"
9418.12,"C:"
9465.3,"C:"
9565.5,"C:"
9809.12,"C:"
9811.12,"C:"
9953.1,"C:"
9960.1,"C:"
9970.1,"C:"
9973.1,"C:"
9977.1,"C:"
9985.1,"C:"
9990.12,"C:"
10004.1,"C:"
10011.1,"C:"
10017.1,"C:"
10022.1,"C:"
10025.1,"C:"
10029.1,"C:"
10036.1,"C:"
10046.1,"C:"
10051.1,"C:"
10053.1,"C:"
10060.12,"C:"
10071.1,"C:"
10076.1,"C:"
10084.1,"C:"
10090.1,"C:"
10104.1,"C:"
10109.1,"C:"
10112.1,"C:"
10114.1,"C:"
10120.1,"C:"
10124.1,"C:"
10130.1,"C:"
10132.1,"C:"
10136.12,"C:"
10169.2,"C:"
10173.12,"C:"
10219.3,"C:"
10319.5,"C:"
10895.12,"C:"
10902.12,"C:"
10903.12,"C:"
10931.12,"C:"
10934.12,"C:"
10938.12,"C:"
10941.12,"C:"
10943.12,"C:"
10945.12,"C:"
11002.12,"C:"
11013.12,"C:"
11030.12,"C:"
11037.12,"C:"
11058.12,"C:"
11068.12,"C:"
11071.12,"C:"
11073.12,"C:"
11075.12,"C:"
11075.12,"C:"
11078.12,"C:"
11080.12,"C:"
11105.1,"C:"
11110.1,"C:"
11115.12,"C:"
11127.12,"C:"
11128.12,"C:"
11132.12,"C:"
11141.12,"C:"
11147.12,"C:"
11149.12,"C:"
11165.2,"C:"
11170.12,"C:"
11215.3,"C:"
11218.12,"C:"
11315.53,"C:"
11634.12,"C:"
11637.12,"C:"
11641.12,"C:"
11679.12,"C:"
11692.12,"C:"
11703.12,"C:"
11725.12,"C:"
11744.1,"C:"
11753.12,"C:"
11800.1,"C:"
11863.1,"C:"
11872.1,"C:"
11874.1,"C:"
11879.1,"C:"
11882.1,"C:"
11889.1,"C:"
11893.1,"C:"
11908.1,"C:"
11915.1,"C:"
11922.1,"C:"
11925.1,"C:"
11927.1,"C:"
11938.1,"C:"
11944.1,"C:"
11948.1,"C:"
11954.1,"C:"
11955.1,"C:"
11959.1,"C:"
11964.12,"C:"
11972.1,"C:"
11977.1,"C:"
11985.1,"C:"
11990.1,"C:"
11996.1,"C:"
12000.1,"C:"
12009.1,"C:"
12013.1,"C:"
12022.12,"C:"
12034.12,"C:"
12035.12,"C:"
12036.12,"C:"
12039.12,"C:"
12059.1,"C:"
12066.1,"C:"
12074.1,"C:"
12079.1,"C:"
12187.1,"C:"
12197.1,"C:"
12204.1,"C:"
12211.1,"C:"
12234.1,"C:"
12238.12,"C:"
12249.12,"C:"
12272.12,"C:"
12288.1,"C:"
12299.1,"C:"
12304.1,"C:"
12308.12,"C:"
12324.12,"C:"
12325.12,"C:"
12326.12,"C:"
12330.12,"C:"
12415.1,"C:"
12419.12,"C:"
12444.12,"C:"
12446.12,"C:"
12447.12,"C:"
12461.12,"C:"
12466.12,"C:"
12622.12,"C:"
12966.1,"C:"
12973.1,"C:"
12978.1,"C:"
12982.12,"C:"
12991.12,"C:"
12996.12,"C:"
12996.12,"C:"
12998.12,"C:"
13003.12,"C:"
13005.12,"C:"
13013.12,"C:"
13016.12,"C:"
13037.1,"C:"
13045.1,"C:"
13047.1,"C:"
13057.1,"C:"
13062.1,"C:"
13074.1,"C:"
13085.12,"C:"
13100.1,"C:"
13103.1,"C:"
13110.1,"C:"
13112.1,"C:"
13115.33,"C:"
13132.12,"C:"
13155.12,"C:"
13157.12,"C:"
13159.12,"C:"
13164.12,"C:"
13172.12,"C:"
13215.51,"C:"
13464.11,"C:"
13470.11,"C:"
13472.11,"C:"
13521.11,"C:"
13525.11,"C:"
13551.11,"C:"
13553.11,"C:"
13560.12,"C:"
13565.12,"C:"
13569.12,"C:"
13580.11,"C:"
13582.11,"C:"
13588.11,"C:"
13649.11,"C:"
13654.11,"C:"
13661.11,"C:"
13668.11,"C:"
13671.11,"C:"
13682.11,"C:"
13688.11,"C:"
13695.11,"C:"
13700.12,"C:"
13700.12,"C:"
13701.12,"C:"
13740.11,"C:"
13742.11,"C:"
13746.11,"C:"
13749.11,"C:"
13848.11,"C:"
13937.11,"C:"
13937.21,"C:"
13941.12,"C:"
13987.31,"C:"
14087.54,"C:"
14557.11,"C:"
14598.11,"C:"
14604.11,"C:"
14609.11,"C:"
14618.12,"C:"
14649.11,"C:"
14655.11,"C:"
14664.12,"C:"
14693.11,"C:"
14698.11,"C:"
14703.11,"C:"
14750.11,"C:"
14756.11,"C:"
14762.11,"C:"
14766.11,"C:"
14768.11,"C:"
14772.11,"C:"
14776.11,"C:"
14794.11,"C:"
14798.11,"C:"
14802.11,"C:"
14807.11,"C:"
14810.11,"C:"
14825.11,"C:"
14831.11,"C:"
14840.11,"C:"
14846.11,"C:"
14850.11,"C:"
14869.12,"C:"
14881.11,"C:"
14883.11,"C:"
14887.11,"C:"
14891.11,"C:"
14895.11,"C:"
14901.11,"C:"
14903.11,"C:"
14907.12,"C:"
14929.11,"C:"
14937.11,"C:"
14940.11,"C:"
14947.11,"C:"
14950.11,"C:"
14959.11,"C:"
14961.11,"C:"
14962.11,"C:"
14971.11,"C:"
14975.12,"C:"
14979.12,"C:"
15019.11,"C:"
15021.11,"C:"
15027.12,"C:"
15064.11,"C:"
15071.12,"C:"
15110.11,"C:"
15178.11,"C:"
15182.11,"C:"
15190.12,"C:"
15301.11,"C:"
15312.12,"C:"
15313.12,"C:"
15315.12,"C:"
15529.11,"C:"
15645.11,"C:"
15723.11,"C:"
15732.11,"C:"
15737.12,"C:"
15739.12,"C:"
15749.12,"C:"
15785.11,"C:"
15790.11,"C:"
15792.11,"C:"
15802.12,"C:"
15868.11,"C:"
15877.11,"C:"
15887.34,"C:"
15987.5,"C:"
15995.12,"C:"
16280.12,"C:"
16289.12,"C:"
16355.1,"C:"
16361.12,"C:"
16363.12,"C:"
16397.1,"C:"
16400.12,"C:"
16414.12,"C:"
16417.12,"C:"
16418.12,"C:"
16426.12,"C:"
16440.12,"C:"
16450.12,"C:"
16456.12,"C:"
16465.12,"C:"
16472.12,"C:"
16485.1,"C:"
16492.1,"C:"
16499.1,"C:"
16502.1,"C:"
16505.1,"C:"
16511.1,"C:"
16516.1,"C:"
16523.12,"C:"
16530.12,"C:"
16540.1,"C:"
16547.1,"C:"
16552.1,"C:"
16557.1,"C:"
16560.1,"C:"
16567.1,"C:"
16571.1,"C:"
16578.1,"C:"
16584.1,"C:"
16590.1,"C:"
16592.1,"C:"
16596.1,"C:"
16600.2,"C:"
16604.12,"C:"
16650.3,"C:"
16750.5,"C:"
16893.12,"C:"
16895.12,"C:"
16900.12,"C:"
16983.12,"C:"
17159.12,"C:"
17202.12,"C:"
17211.12,"C:"
17366.12,"C:"
17372.12,"C:"
17378.12,"C:"
17386.12,"C:"
17390.12,"C:"
17393.12,"C:"
17400.12,"C:"
17403.12,"C:"
17405.12,"C:"
17415.12,"C:"
17416.12,"C:"
17418.12,"C:"
17421.12,"C:"
17427.12,"C:"
17437.12,"C:"
17449.12,"C:"
17449.12,"C:"
17453.12,"C:"
17476.1,"C:"
17488.1,"C:"
17493.12,"C:"
17500.12,"C:"
17510.12,"C:"
17512.12,"C:"
17525.1,"C:"
17530.1,"C:"
17536.1,"C:"
17536.2,"C:"
17540.12,"C:"
17586.3,"C:"
17686.51,"C:"
18484.11,"C:"
18484.21,"C:"
18487.12,"C:"
18534.31,"C:"
18634.51,"C:"
18869.12,"C:"
19059.11,"C:"
19087.11,"C:"
19093.11,"C:"
19096.11,"C:"
19099.11,"C:"
19167.11,"C:"
19174.11,"C:"
19179.11,"C:"
19194.11,"C:"
19198.11,"C:"
19202.11,"C:"
19246.11,"C:"
19252.11,"C:"
19257.11,"C:"
19264.11,"C:"
19269.11,"C:"
19285.11,"C:"
19285.21,"C:"
19289.12,"C:"
19335.31,"C:"
19435.5,"C:"
19911.12,"C:"
20079.1,"C:"
20086.1,"C:"
20094.1,"C:"
20098.1,"C:"
20103.12,"C:"
20115.12,"C:"
20132.1,"C:"
20139.1,"C:"
20139.2,"C:"
20144.12,"C:"
20188.12,"C:"
20189.3,"C:"
20289.53,"C:"
21052.12,"C:"
21054.12,"C:"
21161.12,"C:"
21167.12,"C:"
21174.12,"C:"
21177.12,"C:"
21231.12,"C:"
21254.1,"C:"
21260.1,"C:"
21268.1,"C:"
21273.1,"C:"
21278.1,"C:"
21287.1,"C:"
21289.1,"C:"
21290.1,"C:"
21292.1,"C:"
21304.1,"C:"
21307.1,"C:"
21310.1,"C:"
21313.1,"C:"
21315.1,"C:"
21317.1,"C:"
21321.12,"C:"
21340.1,"C:"
21345.1,"C:"
21359.1,"C:"
21369.1,"C:"
21377.1,"C:"
21386.1,"C:"
21397.1,"C:"
21401.1,"C:"
21406.12,"C:"
21430.1,"C:"
21437.1,"C:"
21442.1,"C:"
21446.1,"C:"
21451.1,"C:"
21457.1,"C:"
21460.1,"C:"
21465.1,"C:"
21468.1,"C:"
21472.1,"C:"
21485.1,"C:"
21497.1,"C:"
21501.1,"C:"
21506.12,"C:"
21528.1,"C:"
21533.1,"C:"
21536.1,"C:"
21540.1,"C:"
21543.1,"C:"
21547.1,"C:"
21550.1,"C:"
21563.1,"C:"
21566.1,"C:"
21572.1,"C:"
21576.1,"C:"
21583.12,"C:"
21600.12,"C:"
21600.12,"C:"
21644.1,"C:"
21649.12,"C:"
21664.1,"C:"
21673.1,"C:"
21678.12,"C:"
21687.12,"C:"
21689.12,"C:"
21689.12,"C:"
21715.12,"C:"
21736.12,"C:"
21740.12,"C:"
21743.12,"C:"
21744.12,"C:"
21751.12,"C:"
21797.1,"C:"
22089.33,"C:"
22101.12,"C:"
22104.12,"C:"
22107.12,"C:"
22131.12,"C:"
22138.12,"C:"
22141.12,"C:"
22149.12,"C:"
22154.12,"C:"
22171.12,"C:"
22176.12,"C:"
22189.51,"C:"
22307.11,"C:"
22310.12,"C:"
22327.12,"C:"
22332.12,"C:"
22360.11,"C:"
22366.12,"C:"
22368.12,"C:"
22404.11,"C:"
22409.11,"C:"
22450.11,"C:"
22503.11,"C:"
22541.11,"C:"
22545.11,"C:"
22549.11,"C:"
22553.12,"C:"
22556.12,"C:"
22564.12,"C:"
22590.11,"C:"
22647.11,"C:"
22650.11,"C:"
22655.11,"C:"
22660.11,"C:"
22710.11,"C:"
22720.11,"C:"
22724.11,"C:"
22730.11,"C:"
22733.11,"C:"
22735.11,"C:"
22783.11,"C:"
22788.11,"C:"
22789.11,"C:"
22794.11,"C:"
22808.11,"C:"
22813.12,"C:"
22815.12,"C:"
22822.12,"C:"
22841.11,"C:"
22841.21,"C:"
22845.12,"C:"
22891.31,"C:"
22991.54,"C:"
23084.12,"C:"
23376.11,"C:"
23442.11,"C:"
23452.12,"C:"
23455.12,"C:"
23472.11,"C:"
23479.11,"C:"
23539.11,"C:"
23545.12,"C:"
23547.12,"C:"
23548.12,"C:"
23554.12,"C:"
23577.11,"C:"
23583.11,"C:"
23588.11,"C:"
23592.11,"C:"
23604.11,"C:"
23607.11,"C:"
23613.11,"C:"
23618.12,"C:"
23638.11,"C:"
23641.11,"C:"
23644.11,"C:"
23652.11,"C:"
23655.11,"C:"
23676.11,"C:"
23687.11,"C:"
23693.11,"C:"
23700.12,"C:"
23725.11,"C:"
23733.11,"C:"
23738.11,"C:"
23740.11,"C:"
23742.11,"C:"
23746.11,"C:"
23769.11,"C:"
23773.11,"C:"
23776.11,"C:"
23782.11,"C:"
23785.11,"C:"
23790.12,"C:"
23810.11,"C:"
23814.11,"C:"
23816.12,"C:"
23829.12,"C:"
23840.11,"C:"
23845.12,"C:"
23876.11,"C:"
23878.11,"C:"
23883.11,"C:"
23888.12,"C:"
23918.11,"C:"
23923.11,"C:"
23955.12,"C:"
23955.12,"C:"
24020.11,"C:"
24029.12,"C:"
24115.11,"C:"
24155.12,"C:"
24202.11,"C:"
24233.11,"C:"
24237.12,"C:"
24242.12,"C:"
24301.11,"C:"
24309.11,"C:"
24317.12,"C:"
24359.11,"C:"
24364.12,"C:"
24372.12,"C:"
24373.12,"C:"
24408.11,"C:"
24411.11,"C:"
24427.12,"C:"
24464.11,"C:"
24468.12,"C:"
24476.12,"C:"
24509.12,"C:"
24513.12,"C:"
24519.11,"C:"
24525.12,"C:"
24528.12,"C:"
24531.12,"C:"
24533.12,"C:"
24535.12,"C:"
24540.12,"C:"
24544.12,"C:"
24628.11,"C:"
24637.12,"C:"
24665.12,"C:"
24672.12,"C:"
24674.12,"C:"
24703.11,"C:"
24715.12,"C:"
24723.12,"C:"
24783.11,"C:"
24786.11,"C:"
24791.34,"C:"
24793.12,"C:"
24819.12,"C:"
24819.12,"C:"
24821.12,"C:"
24872.12,"C:"
24885.12,"C:"
24891.5,"C:"
24893.12,"C:"
24897.12,"C:"
24898.12,"C:"
24908.12,"C:"
24909.12,"C:"
24912.12,"C:"
24917.12,"C:"
24936.12,"C:"
24939.12,"C:"
24943.12,"C:"
24960.12,"C:"
24962.12,"C:"
24974.12,"C:"
24979.12,"C:"
24986.12,"C:"
24988.12,"C:"
25004.12,"C:"
25009.12,"C:"
25017.12,"C:"
25024.12,"C:"
25035.12,"C:"
25135.1,"C:"
25141.1,"C:"
25146.1,"C:"
25151.12,"C:"
25158.12,"C:"
25161.12,"C:"
25172.1,"C:"
25181.1,"C:"
25186.1,"C:"
25196.1,"C:"
25200.1,"C:"
25210.12,"C:"
25225.12,"C:"
25230.12,"C:"
25245.1,"C:"
25252.1,"C:"
25256.1,"C:"
25266.1,"C:"
25268.1,"C:"
25278.1,"C:"
25280.1,"C:"
25291.1,"C:"
25295.1,"C:"
25300.1,"C:"
25302.1,"C:"
25305.1,"C:"
25309.12,"C:"
25340.1,"C:"
25347.1,"C:"
25352.1,"C:"
25356.1,"C:"
25363.1,"C:"
25369.1,"C:"
25376.1,"C:"
25381.1,"C:"
25385.1,"C:"
25394.1,"C:"
25401.12,"C:"
25504.12,"C:"
25527.1,"C:"
25534.12,"C:"
25579.1,"C:"
25587.2,"C:"
25598.12,"C:"
25637.3,"C:"
25737.51,"C:"
26039.11,"C:"
26043.12,"C:"
26054.12,"C:"
26056.12,"C:"
26057.12,"C:"
26074.11,"C:"
26081.12,"C:"
26083.12,"C:"
26089.12,"C:"
26092.12,"C:"
26098.12,"C:"
26104.11,"C:"
26157.12,"C:"
26175.11,"C:"
26178.11,"C:"
26180.11,"C:"
26184.11,"C:"
26227.11,"C:"
26231.11,"C:"
26237.11,"C:"
26241.12,"C:"
26267.11,"C:"
26270.12,"C:"
26295.11,"C:"
26300.11,"C:"
26305.12,"C:"
26309.12,"C:"
26310.12,"C:"
26311.12,"C:"
26334.11,"C:"
26339.12,"C:"
26364.11,"C:"
26368.12,"C:"
26389.12,"C:"
26407.11,"C:"
26407.21,"C:"
26410.12,"C:"
26457.31,"C:"
26557.5,"C:"
27053.1,"C:"
27062.1,"C:"
27066.1,"C:"
27072.1,"C:"
27075.1,"C:"
27080.1,"C:"
27084.1,"C:"
27092.12,"C:"
27100.1,"C:"
27104.1,"C:"
27108.1,"C:"
27115.1,"C:"
27123.1,"C:"
27128.1,"C:"
27130.12,"C:"
27140.1,"C:"
27147.1,"C:"
27150.1,"C:"
27152.1,"C:"
27159.1,"C:"
27160.2,"C:"
27166.12,"C:"
27210.3,"C:"
27310.51,"C:"
27823.11,"C:"
27828.12,"C:"
27833.11,"C:"
27856.11,"C:"
27862.12,"C:"
27864.12,"C:"
27887.11,"C:"
27892.12,"C:"
27895.12,"C:"
27902.12,"C:"
27904.12,"C:"
27911.12,"C:"
27922.12,"C:"
27929.11,"C:"
27935.11,"C:"
27938.11,"C:"
27940.11,"C:"
27946.11,"C:"
27952.11,"C:"
27952.21,"C:"
27955.12,"C:"
28002.31,"C:"
28102.51,"C:"
28511.11,"C:"
28518.11,"C:"
28544.11,"C:"
28548.12,"C:"
28575.11,"C:"
28576.11,"C:"
28578.11,"C:"
28582.11,"C:"
28585.11,"C:"
28593.11,"C:"
28601.11,"C:"
28603.11,"C:"
28609.11,"C:"
28612.11,"C:"
28620.11,"C:"
28623.11,"C:"
28627.11,"C:"
28635.11,"C:"
28645.11,"C:"
28650.11,"C:"
28653.11,"C:"
28660.11,"C:"
28663.11,"C:"
28664.11,"C:"
28668.11,"C:"
28670.11,"C:"
28674.11,"C:"
28677.12,"C:"
28696.11,"C:"
28698.11,"C:"
28709.11,"C:"
28717.11,"C:"
28718.11,"C:"
28727.11,"C:"
28733.11,"C:"
28739.11,"C:"
28743.11,"C:"
28743.21,"C:"
28779.12,"C:"
28793.31,"C:"
28893.51,"C:"
29146.11,"C:"
29150.12,"C:"
29160.12,"C:"
29163.12,"C:"
29180.11,"C:"
29199.12,"C:"
29212.12,"C:"
29216.12,"C:"
29220.12,"C:"
29222.12,"C:"
29228.12,"C:"
29229.12,"C:"
29230.12,"C:"
29231.12,"C:"
29237.12,"C:"
29253.12,"C:"
29254.12,"C:"
29256.12,"C:"
29261.12,"C:"
29273.12,"C:"
29279.12,"C:"
29283.12,"C:"
29287.11,"C:"
29290.11,"C:"
29293.11,"C:"
29298.12,"C:"
29300.12,"C:"
29301.12,"C:"
29307.12,"C:"
29311.12,"C:"
29313.12,"C:"
29323.12,"C:"
29325.12,"C:"
29333.11,"C:"
29338.11,"C:"
29341.11,"C:"
29343.12,"C:"
29346.12,"C:"
29364.12,"C:"
29377.11,"C:"
29380.11,"C:"
29383.11,"C:"
29387.11,"C:"
29389.11,"C:"
29393.11,"C:"
29399.11,"C:"
29401.11,"C:"
29421.11,"C:"
29433.11,"C:"
29436.11,"C:"
29448.11,"C:"
29451.11,"C:"
29457.11,"C:"
29464.12,"C:"
29481.12,"C:"
29490.11,"C:"
29493.11,"C:"
29497.11,"C:"
29503.12,"C:"
29504.12,"C:"
29513.12,"C:"
29528.11,"C:"
29530.11,"C:"
29538.11,"C:"
29538.21,"C:"
29542.12,"C:"
29588.31,"C:"
29688.5,"C:"
29724.12,"C:"
29745.12,"C:"
30025.1,"C:"
30032.1,"C:"
30034.1,"C:"
30042.1,"C:"
30049.1,"C:"
30051.1,"C:"
30054.1,"C:"
30059.12,"C:"
30078.1,"C:"
30088.1,"C:"
30092.1,"C:"
30096.1,"C:"
30098.1,"C:"
30101.1,"C:"
30103.1,"C:"
30106.1,"C:"
30111.1,"C:"
30116.1,"C:"
30121.1,"C:"
30130.1,"C:"
30133.1,"C:"
30136.1,"C:"
30139.12,"C:"
30146.1,"C:"
30151.1,"C:"
30154.1,"C:"
30158.1,"C:"
30164.1,"C:"
30174.1,"C:"
30178.1,"C:"
30194.1,"C:"
30201.1,"C:"
30210.12,"C:"
30229.1,"C:"
30233.12,"C:"
30289.2,"C:"
30290.1,"C:"
30294.12,"C:"
30339.3,"C:"
30439.5,"C:"
30586.12,"C:"
30610.12,"C:"
30629.12,"C:"
30634.12,"C:"
30639.12,"C:"
30641.12,"C:"
30645.12,"C:"
30650.12,"C:"
30666.12,"C:"
30671.12,"C:"
30673.12,"C:"
30678.12,"C:"
30680.12,"C:"
30703.1,"C:"
30709.12,"C:"
30714.12,"C:"
30715.12,"C:"
30720.12,"C:"
30754.1,"C:"
30760.1,"C:"
30766.12,"C:"
30773.12,"C:"
30775.12,"C:"
30777.12,"C:"
30786.12,"C:"
30802.12,"C:"
30808.1,"C:"
30816.1,"C:"
30817.1,"C:"
30823.1,"C:"
30825.1,"C:"
30829.1,"C:"
30863.12,"C:"
30871.1,"C:"
30877.12,"C:"
30888.1,"C:"
30904.1,"C:"
30909.12,"C:"
30912.12,"C:"
30914.12,"C:"
30914.12,"C:"
30916.12,"C:"
30958.1,"C:"
30969.1,"C:"
30976.12,"C:"
30988.12,"C:"
31040.1,"C:"
31047.1,"C:"
31053.1,"C:"
31065.1,"C:"
31071.1,"C:"
31076.12,"C:"
31091.12,"C:"
31093.12,"C:"
31094.12,"C:"
31100.2,"C:"
31101.1,"C:"
31104.12,"C:"
31150.3,"C:"
31250.51,"C:"
31528.11,"C:"
31547.11,"C:"
31556.12,"C:"
31593.11,"C:"
31599.11,"C:"
31627.11,"C:"
31630.12,"C:"
31634.12,"C:"
31637.12,"C:"
31641.12,"C:"
31657.12,"C:"
31660.12,"C:"
31666.11,"C:"
31670.11,"C:"
31673.11,"C:"
31675.11,"C:"
31681.11,"C:"
31707.11,"C:"
31711.12,"C:"
31717.12,"C:"
31735.11,"C:"
31738.11,"C:"
31742.11,"C:"
31750.12,"C:"
31761.12,"C:"
31762.12,"C:"
31767.12,"C:"
31781.11,"C:"
31783.11,"C:"
31787.11,"C:"
31805.11,"C:"
31808.11,"C:"
31811.11,"C:"
31814.11,"C:"
31818.12,"C:"
31835.12,"C:"
31836.12,"C:"
31840.11,"C:"
31843.11,"C:"
31846.11,"C:"
31850.11,"C:"
31854.11,"C:"
31856.12,"C:"
31859.12,"C:"
31877.12,"C:"
31883.11,"C:"
31886.11,"C:"
31891.11,"C:"
31891.21,"C:"
31895.12,"C:"
31941.31,"C:"
31944.12,"C:"
32041.51,"C:"
32450.11,"C:"
32468.11,"C:"
32472.12,"C:"
32480.12,"C:"
32489.12,"C:"
32506.11,"C:"
32510.11,"C:"
32513.11,"C:"
32516.12,"C:"
32541.11,"C:"
32544.11,"C:"
32545.11,"C:"
32548.11,"C:"
32551.11,"C:"
32556.11,"C:"
32561.12,"C:"
32581.11,"C:"
32585.11,"C:"
32589.11,"C:"
32593.11,"C:"
32595.11,"C:"
32601.11,"C:"
32612.11,"C:"
32627.11,"C:"
32632.11,"C:"
32634.11,"C:"
32637.11,"C:"
32642.12,"C:"
32662.11,"C:"
32667.12,"C:"
32690.11,"C:"
32690.21,"C:"
32694.12,"C:"
32740.31,"C:"
32744.12,"C:"
32840.5,"C:"
33236.1,"C:"
33243.1,"C:"
33256.1,"C:"
33261.1,"C:"
33268.1,"C:"
33271.1,"C:"
33279.1,"C:"
33282.1,"C:"
33286.1,"C:"
33292.1,"C:"
33301.1,"C:"
33305.12,"C:"
33317.1,"C:"
33327.1,"C:"
33333.1,"C:"
33336.1,"C:"
33341.1,"C:"
33346.1,"C:"
33352.1,"C:"
33358.1,"C:"
33371.1,"C:"
33384.1,"C:"
33387.1,"C:"
33390.1,"C:"
33394.1,"C:"
33405.1,"C:"
33415.1,"C:"
33423.1,"C:"
33426.1,"C:"
33429.1,"C:"
33434.1,"C:"
33436.1,"C:"
33444.2,"C:"
33451.12,"C:"
33493.12,"C:"
33494.3,"C:"
33594.5,"C:"
34027.12,"C:"
34032.12,"C:"
34033.12,"C:"
34035.12,"C:"
34036.12,"C:"
34038.12,"C:"
34051.12,"C:"
34052.12,"C:"
34054.12,"C:"
34056.12,"C:"
34061.12,"C:"
34066.12,"C:"
34094.1,"C:"
34103.1,"C:"
34111.1,"C:"
34116.1,"C:"
34123.1,"C:"
34126.1,"C:"
34135.1,"C:"
34142.12,"C:"
34154.1,"C:"
34164.1,"C:"
34168.1,"C:"
34174.1,"C:"
34177.1,"C:"
34181.1,"C:"
34190.1,"C:"
34194.1,"C:"
34195.2,"C:"
34199.12,"C:"
34245.3,"C:"
34251.12,"C:"
34345.5,"C:"
34612.12,"C:"
34621.12,"C:"
34621.12,"C:"
34625.12,"C:"
34643.1,"C:"
34661.12,"C:"
34664.12,"C:"
34667.12,"C:"
34678.1,"C:"
34684.1,"C:"
34690.1,"C:"
34788.1,"C:"
34793.1,"C:"
34801.1,"C:"
34812.1,"C:"
34826.12,"C:"
34837.1,"C:"
34843.1,"C:"
34852.1,"C:"
34862.1,"C:"
34865.1,"C:"
34867.1,"C:"
34870.1,"C:"
34875.1,"C:"
34883.1,"C:"
34892.1,"C:"
34898.1,"C:"
34902.12,"C:"
34924.1,"C:"
34931.1,"C:"
34937.1,"C:"
34941.1,"C:"
34951.1,"C:"
34952.2,"C:"
34956.12,"C:"
35002.3,"C:"
35102.51,"C:"
35368.12,"C:"
35371.12,"C:"
35379.11,"C:"
35384.12,"C:"
35436.11,"C:"
35457.12,"C:"
35459.12,"C:"
35462.12,"C:"
35469.12,"C:"
35534.11,"C:"
35544.12,"C:"
35565.11,"C:"
35570.12,"C:"
35574.12,"C:"
35606.11,"C:"
35608.11,"C:"
35612.12,"C:"
35643.11,"C:"
35645.11,"C:"
35650.11,"C:"
35652.11,"C:"
35657.11,"C:"
35697.11,"C:"
35702.11,"C:"
35704.11,"C:"
35707.11,"C:"
35711.11,"C:"
35715.12,"C:"
35716.12,"C:"
35737.11,"C:"
35740.11,"C:"
35747.11,"C:"
35747.21,"C:"
35752.12,"C:"
35797.31,"C:"
35897.51,"C:"
36164.12,"C:"
36250.11,"C:"
36293.12,"C:"
36316.12,"C:"
36325.12,"C:"
36330.12,"C:"
36342.11,"C:"
36385.11,"C:"
36390.11,"C:"
36394.12,"C:"
36398.12,"C:"
36400.12,"C:"
36404.12,"C:"
36406.12,"C:"
36409.12,"C:"
36419.11,"C:"
36422.11,"C:"
36427.11,"C:"
36431.11,"C:"
36435.11,"C:"
36437.12,"C:"
36457.11,"C:"
36481.11,"C:"
36482.11,"C:"
36487.11,"C:"
36493.12,"C:"
36503.11,"C:"
36507.11,"C:"
36510.11,"C:"
36513.11,"C:"
36523.11,"C:"
36525.11,"C:"
36529.11,"C:"
36533.11,"C:"
36537.12,"C:"
36556.11,"C:"
36556.21,"C:"
36559.12,"C:"
36606.31,"C:"
36706.5,"C:"
36770.12,"C:"
36776.12,"C:"
36777.12,"C:"
36778.12,"C:"
36788.12,"C:"
36792.12,"C:"
36860.1,"C:"
36892.12,"C:"
36893.12,"C:"
36936.12,"C:"
37016.1,"C:"
37021.1,"C:"
37089.12,"C:"
37097.1,"C:"
37101.12,"C:"
37130.1,"C:"
37138.1,"C:"
37143.1,"C:"
37147.1,"C:"
37150.1,"C:"
37154.1,"C:"
37157.1,"C:"
37164.12,"C:"
37171.12,"C:"
37177.12,"C:"
37197.1,"C:"
37207.1,"C:"
37212.1,"C:"
37216.1,"C:"
37227.12,"C:"
37232.1,"C:"
37240.1,"C:"
37246.1,"C:"
37252.1,"C:"
37258.1,"C:"
37260.1,"C:"
37265.1,"C:"
37269.1,"C:"
37271.1,"C:"
37273.1,"C:"
37278.1,"C:"
37283.1,"C:"
37288.1,"C:"
37294.1,"C:"
37301.1,"C:"
37305.1,"C:"
37308.1,"C:"
37309.1,"C:"
37312.2,"C:"
37317.12,"C:"
37362.3,"C:"
37462.51,"C:"
37836.11,"C:"
37856.11,"C:"
37859.12,"C:"
37869.12,"C:"
37870.12,"C:"
37871.12,"C:"
37881.11,"C:"
37884.11,"C:"
37888.12,"C:"
37900.12,"C:"
37903.12,"C:"
37908.12,"C:"
37916.11,"C:"
37921.12,"C:"
37940.11,"C:"
37945.12,"C:"
37969.11,"C:"
37972.11,"C:"
37990.12,"C:"
38000.11,"C:"
38004.12,"C:"
38014.12,"C:"
38033.11,"C:"
38035.11,"C:"
38040.11,"C:"
38043.11,"C:"
38047.11,"C:"
38051.11,"C:"
38063.11,"C:"
38070.11,"C:"
38074.12,"C:"
38100.11,"C:"
38100.21,"C:"
38103.12,"C:"
38150.31,"C:"
38250.5,"C:"
38543.12,"C:"
38682.12,"C:"
38688.1,"C:"
38692.12,"C:"
38711.1,"C:"
38722.12,"C:"
38739.12,"C:"
38763.1,"C:"
38770.1,"C:"
38773.1,"C:"
38776.1,"C:"
38783.1,"C:"
38791.12,"C:"
38821.1,"C:"
38828.1,"C:"
38835.1,"C:"
38839.1,"C:"
38842.1,"C:"
38853.1,"C:"
38858.1,"C:"
38866.1,"C:"
38868.12,"C:"
38873.1,"C:"
38881.2,"C:"
38882.1,"C:"
38887.12,"C:"
38931.12,"C:"
38931.3,"C:"
39031.51,"C:"
39451.11,"C:"
39455.12,"C:"
39466.11,"C:"
39469.12,"C:"
39474.12,"C:"
39475.12,"C:"
39551.11,"C:"
39555.11,"C:"
39558.12,"C:"
39577.11,"C:"
39584.11,"C:"
39587.11,"C:"
39590.11,"C:"
39593.12,"C:"
39610.11,"C:"
39614.11,"C:"
39659.11,"C:"
39660.11,"C:"
39664.11,"C:"
39667.11,"C:"
39670.11,"C:"
39670.21,"C:"
39674.12,"C:"
39720.31,"C:"
39820.5,"C:"
39840.12,"C:"
39964.12,"C:"
40149.12,"C:"
40290.12,"C:"
40291.12,"C:"
40293.12,"C:"
40295.12,"C:"
40313.1,"C:"
40319.12,"C:"
40343.1,"C:"
40361.1,"C:"
40369.1,"C:"
40375.1,"C:"
40381.12,"C:"
40400.1,"C:"
40405.1,"C:"
40418.1,"C:"
40421.1,"C:"
40421.2,"C:"
40424.1,"C:"
40426.12,"C:"
40471.3,"C:"
40477.12,"C:"
40571.5,"C:"
40845.12,"C:"
40874.12,"C:"
40876.12,"C:"
40878.12,"C:"
40883.12,"C:"
40885.12,"C:"
40888.12,"C:"
40897.12,"C:"
40908.12,"C:"
40911.12,"C:"
40912.12,"C:"
40914.12,"C:"
40920.12,"C:"
40951.1,"C:"
40956.12,"C:"
40973.12,"C:"
40984.12,"C:"
40986.12,"C:"
41010.1,"C:"
41019.1,"C:"
41025.1,"C:"
41028.1,"C:"
41038.1,"C:"
41044.1,"C:"
41046.1,"C:"
41050.12,"C:"
41084.1,"C:"
41089.1,"C:"
41090.1,"C:"
41093.1,"C:"
41104.1,"C:"
41108.1,"C:"
41110.1,"C:"
41117.1,"C:"
41121.1,"C:"
41124.1,"C:"
41177.2,"C:"
41182.12,"C:"
41227.3,"C:"
41231.12,"C:"
41304.12,"C:"
41327.12,"C:"
41327.51,"C:"
41331.12,"C:"
41396.12,"C:"
41416.12,"C:"
41419.12,"C:"
41445.12,"C:"
41446.12,"C:"
41448.12,"C:"
41450.12,"C:"
41451.12,"C:"
41478.11,"C:"
41482.12,"C:"
41483.12,"C:"
41495.12,"C:"
41531.11,"C:"
41533.12,"C:"
41553.12,"C:"
41558.12,"C:"
41565.12,"C:"
41581.12,"C:"
41582.12,"C:"
41590.12,"C:"
41610.12,"C:"
41625.12,"C:"
41648.11,"C:"
41652.12,"C:"
41657.12,"C:"
41680.12,"C:"
41696.11,"C:"
41702.12,"C:"
41731.11,"C:"
41734.11,"C:"
41736.11,"C:"
41740.11,"C:"
41743.11,"C:"
41792.11,"C:"
41797.11,"C:"
41801.11,"C:"
41806.12,"C:"
41808.12,"C:"
41836.11,"C:"
41839.11,"C:"
41841.11,"C:"
41848.11,"C:"
41850.11,"C:"
41855.11,"C:"
41857.11,"C:"
41869.11,"C:"
41876.12,"C:"
41893.11,"C:"
41901.12,"C:"
41934.11,"C:"
41937.11,"C:"
41940.11,"C:"
41946.11,"C:"
41948.11,"C:"
41952.11,"C:"
41956.12,"C:"
41959.12,"C:"
41972.11,"C:"
41972.21,"C:"
41975.12,"C:"
0,"X:"
502.001,"X:"
539.002,"X:"
595.003,"X:"
601.004,"X:"
603.005,"X:"
605.006,"X:"
606.007,"X:"
610.008,"X:"
619.009,"X:"
621.01,"X:"
624.011,"X:"
655.011,"X:"
705,"X:"
705,"X:"
1075.001,"X:"
1081.002,"X:"
1087.003,"X:"
1089.004,"X:"
1093.005,"X:"
1137.006,"X:"
1150.007,"X:"
1156.008,"X:"
1162.009,"X:"
1165.01,"X:"
1178.011,"X:"
1184.012,"X:"
1190.013,"X:"
1192.014,"X:"
1195.015,"X:"
1197.016,"X:"
1212.017,"X:"
1214.018,"X:"
1218.019,"X:"
1222.02,"X:"
1272.021,"X:"
1279.022,"X:"
1282.023,"X:"
1285.024,"X:"
1292.025,"X:"
1298.026,"X:"
1304.027,"X:"
1311.028,"X:"
1315.029,"X:"
1324.03,"X:"
1331.031,"X:"
1333.031,"X:"
1383,"X:"
1383,"X:"
1914.001,"X:"
1919.002,"X:"
1973.003,"X:"
1980.004,"X:"
1993.005,"X:"
2004.006,"X:"
2006.007,"X:"
2009.008,"X:"
2033.008,"X:"
2083,"X:"
2083,"X:"
2624.001,"X:"
2629.002,"X:"
2635.003,"X:"
2642.004,"X:"
2646.005,"X:"
2684.005,"X:"
2734,"X:"
2734,"X:"
3324.001,"X:"
3333.002,"X:"
3341.003,"X:"
3344.004,"X:"
3354.005,"X:"
3358.006,"X:"
3361.007,"X:"
3375.008,"X:"
3379.009,"X:"
3383.01,"X:"
3384.01,"X:"
3434,"X:"
3434,"X:"
3821.001,"X:"
3828.002,"X:"
3838.003,"X:"
3841.004,"X:"
3845.005,"X:"
3853.006,"X:"
3872.007,"X:"
3879.008,"X:"
3885.009,"X:"
3890.01,"X:"
3893.011,"X:"
3897.012,"X:"
3904.013,"X:"
3914.014,"X:"
3919.015,"X:"
3921.016,"X:"
3939.017,"X:"
3944.018,"X:"
3952.019,"X:"
3958.02,"X:"
3972.021,"X:"
3977.022,"X:"
3980.023,"X:"
3982.024,"X:"
3988.025,"X:"
3992.026,"X:"
3998.027,"X:"
4000.028,"X:"
4037.028,"X:"
4087,"X:"
4087,"X:"
4873.001,"X:"
4878.002,"X:"
4933.002,"X:"
4983,"X:"
4983,"X:"
5411.002,"X:"
5468.004,"X:"
5530.006,"X:"
5539.008,"X:"
5541.01,"X:"
5546.012,"X:"
5550.014,"X:"
5556.016,"X:"
5560.018,"X:"
5575.02,"X:"
5582.022,"X:"
5589.024,"X:"
5593.026,"X:"
5595.028,"X:"
5606.03,"X:"
5611.032,"X:"
5616.034,"X:"
5621.036,"X:"
5623.038,"X:"
5627.04,"X:"
5639.042,"X:"
5645.044,"X:"
5653.046,"X:"
5658.048,"X:"
5663.05,"X:"
5667.052,"X:"
5676.054,"X:"
5681.056,"X:"
5727.058,"X:"
5734.06,"X:"
5741.062,"X:"
5747.064,"X:"
5855.066,"X:"
5864.068,"X:"
5871.07,"X:"
5878.072,"X:"
5901.074,"X:"
5956.076,"X:"
5966.078,"X:"
5972.08,"X:"
6082.082,"X:"
6633.084,"X:"
6640.086,"X:"
6645.088,"X:"
6704.09,"X:"
6712.092,"X:"
6714.094,"X:"
6724.096,"X:"
6729.098,"X:"
6741.1,"X:"
6767.102,"X:"
6771.104,"X:"
6777.106,"X:"
6779.108,"X:"
10023.117,"X:"
10064.118,"X:"
10153.119,"X:"
10159.12,"X:"
10166.121,"X:"
10170.122,"X:"
10172.123,"X:"
10179.124,"X:"
10183.125,"X:"
10207.126,"X:"
10214.127,"X:"
10220.128,"X:"
10225.129,"X:"
10228.13,"X:"
10234.131,"X:"
10239.132,"X:"
10246.133,"X:"
10251.134,"X:"
10257.135,"X:"
10259.136,"X:"
10264.137,"X:"
10267.137,"X:"
10317,"X:"
10317,"X:"
11042.001,"X:"
11055.002,"X:"
11092.003,"X:"
11097.004,"X:"
11102.005,"X:"
11102.005,"X:"
11152,"X:"
11152,"X:"
11796.001,"X:"
11803.002,"X:"
11811.003,"X:"
11814.004,"X:"
11849.005,"X:"
11856.006,"X:"
11856.006,"X:"
11906,"X:"
11906,"X:"
12870.002,"X:"
12876.004,"X:"
12884.006,"X:"
12889.008,"X:"
12894.01,"X:"
12903.012,"X:"
12905.014,"X:"
12906.016,"X:"
12908.018,"X:"
12920.02,"X:"
12923.022,"X:"
12926.024,"X:"
12929.026,"X:"
12931.028,"X:"
12933.03,"X:"
12956.032,"X:"
12961.034,"X:"
12975.036,"X:"
12986.038,"X:"
12993.04,"X:"
13002.042,"X:"
13013.044,"X:"
13017.046,"X:"
13046.048,"X:"
13054.05,"X:"
13058.052,"X:"
13062.054,"X:"
13067.056,"X:"
13073.058,"X:"
13076.06,"X:"
13081.062,"X:"
13084.064,"X:"
13088.066,"X:"
13102.068,"X:"
13113.07,"X:"
13117.072,"X:"
13144.074,"X:"
13150.076,"X:"
13152.078,"X:"
13156.08,"X:"
13159.082,"X:"
13163.084,"X:"
13167.086,"X:"
13179.088,"X:"
13182.09,"X:"
13188.092,"X:"
13192.094,"X:"
13260.096,"X:"
13281.098,"X:"
13289.1,"X:"
13413.102,"X:"
16751.109,"X:"
16758.11,"X:"
16762.111,"X:"
16788.112,"X:"
16797.113,"X:"
16802.114,"X:"
16812.115,"X:"
16817.116,"X:"
16861.117,"X:"
16868.118,"X:"
16872.119,"X:"
16882.12,"X:"
16885.121,"X:"
16894.122,"X:"
16897.123,"X:"
16907.124,"X:"
16911.125,"X:"
16916.126,"X:"
16919.127,"X:"
16921.128,"X:"
16956.129,"X:"
16963.13,"X:"
16968.131,"X:"
16972.132,"X:"
16979.133,"X:"
16985.134,"X:"
16992.135,"X:"
16997.136,"X:"
17001.137,"X:"
17010.138,"X:"
17143.139,"X:"
17195.14,"X:"
17203.14,"X:"
17253,"X:"
17253,"X:"
17748.001,"X:"
17758.002,"X:"
17762.003,"X:"
17768.004,"X:"
17771.005,"X:"
17776.006,"X:"
17780.007,"X:"
17796.008,"X:"
17800.009,"X:"
17804.01,"X:"
17811.011,"X:"
17819.012,"X:"
17824.013,"X:"
17836.014,"X:"
17842.015,"X:"
17846.016,"X:"
17848.017,"X:"
17855.018,"X:"
17856.018,"X:"
17906,"X:"
17906,"X:"
18242.001,"X:"
18249.002,"X:"
18252.003,"X:"
18260.004,"X:"
18266.005,"X:"
18268.006,"X:"
18271.007,"X:"
18295.008,"X:"
18305.009,"X:"
18310.01,"X:"
18313.011,"X:"
18315.012,"X:"
18318.013,"X:"
18321.014,"X:"
18324.015,"X:"
18328.016,"X:"
18333.017,"X:"
18339.018,"X:"
18347.019,"X:"
18350.02,"X:"
18353.021,"X:"
18363.022,"X:"
18368.023,"X:"
18372.024,"X:"
18376.025,"X:"
18381.026,"X:"
18391.027,"X:"
18395.028,"X:"
18412.029,"X:"
18418.03,"X:"
18447.031,"X:"
18507.031,"X:"
18508.032,"X:"
18557,"X:"
18557,"X:"
18820.001,"X:"
18871.002,"X:"
18878.003,"X:"
18925.004,"X:"
18933.005,"X:"
18934.006,"X:"
18940.007,"X:"
18942.008,"X:"
18946.009,"X:"
18988.01,"X:"
19005.011,"X:"
19021.012,"X:"
19076.013,"X:"
19086.014,"X:"
19157.015,"X:"
19164.016,"X:"
19170.017,"X:"
19182.018,"X:"
19188.019,"X:"
19217.019,"X:"
19218.02,"X:"
19267,"X:"
19267,"X:"
19663.001,"X:"
19670.002,"X:"
19682.003,"X:"
19687.004,"X:"
19694.005,"X:"
19698.006,"X:"
19705.007,"X:"
19708.008,"X:"
19713.009,"X:"
19718.01,"X:"
19727.011,"X:"
19743.012,"X:"
19753.013,"X:"
19760.014,"X:"
19762.015,"X:"
19767.016,"X:"
19773.017,"X:"
19779.018,"X:"
19785.019,"X:"
19798.02,"X:"
19810.021,"X:"
19813.022,"X:"
19816.023,"X:"
19821.024,"X:"
19831.025,"X:"
19841.026,"X:"
19849.027,"X:"
19852.028,"X:"
19855.029,"X:"
19860.03,"X:"
19862.031,"X:"
19870.031,"X:"
19920,"X:"
19920,"X:"
20419.001,"X:"
20428.002,"X:"
20436.003,"X:"
20442.004,"X:"
20448.005,"X:"
20451.006,"X:"
20460.007,"X:"
20480.008,"X:"
20490.009,"X:"
20493.01,"X:"
20499.011,"X:"
20503.012,"X:"
20507.013,"X:"
20515.014,"X:"
20520.015,"X:"
20520.015,"X:"
20570,"X:"
20570,"X:"
20868.001,"X:"
20903.002,"X:"
20909.003,"X:"
20914.004,"X:"
21013.005,"X:"
21018.006,"X:"
21026.007,"X:"
21037.008,"X:"
21061.009,"X:"
21068.01,"X:"
21077.011,"X:"
21087.012,"X:"
21090.013,"X:"
21092.014,"X:"
21095.015,"X:"
21100.016,"X:"
21107.017,"X:"
21116.018,"X:"
21123.019,"X:"
21149.02,"X:"
21156.021,"X:"
21162.022,"X:"
21166.023,"X:"
21176.024,"X:"
21177.024,"X:"
21227,"X:"
21227,"X:"
21380.001,"X:"
21536.002,"X:"
21542.003,"X:"
21618.004,"X:"
21651.005,"X:"
21658.006,"X:"
21664.007,"X:"
21668.008,"X:"
21670.009,"X:"
21674.01,"X:"
21677.011,"X:"
21718.012,"X:"
21728.013,"X:"
21732.014,"X:"
21736.015,"X:"
21752.016,"X:"
21760.017,"X:"
21766.018,"X:"
21773.019,"X:"
21779.02,"X:"
21780.021,"X:"
21785.022,"X:"
21789.023,"X:"
21792.024,"X:"
21794.025,"X:"
21798.026,"X:"
21803.027,"X:"
21809.028,"X:"
21815.029,"X:"
21822.03,"X:"
21825.031,"X:"
21828.032,"X:"
21830.033,"X:"
21833.033,"X:"
21883,"X:"
21883,"X:"
22320.001,"X:"
22343.002,"X:"
22395.003,"X:"
22402.004,"X:"
22405.005,"X:"
22408.006,"X:"
22415.007,"X:"
22453.008,"X:"
22460.009,"X:"
22467.01,"X:"
22471.011,"X:"
22474.012,"X:"
22485.013,"X:"
22490.014,"X:"
22498.015,"X:"
22505.016,"X:"
22513.016,"X:"
22514.017,"X:"
22563,"X:"
22563,"X:"
23055.001,"X:"
23085.002,"X:"
23103.003,"X:"
23111.004,"X:"
23117.005,"X:"
23142.006,"X:"
23147.007,"X:"
23160.008,"X:"
23163.009,"X:"
23163.009,"X:"
23166.01,"X:"
23213,"X:"
23213,"X:"
23592.001,"X:"
23652.002,"X:"
23660.003,"X:"
23667.004,"X:"
23669.005,"X:"
23680.006,"X:"
23685.007,"X:"
23688.008,"X:"
23725.009,"X:"
23730.01,"X:"
23731.011,"X:"
23734.012,"X:"
23745.013,"X:"
23749.014,"X:"
23752.015,"X:"
23758.016,"X:"
23763.017,"X:"
23765.018,"X:"
23818.018,"X:"
23868,"X:"
